"round_id","member_id","teamName","roundPoints","roundRank","totalPoints","totalRank","season","season_num","playerScore","playerCount","name","capScore","score_column","isCaptain","isViceCaptain","totalScore","CompliantTeam","checkDiff"
2,72028,"Chilimony",1104,266,1104,266,2023,8,NA,NA,NA,NA,NA,NA,NA,0,NA,-1104
2,72031,"Red Kings",417,727,417,727,2023,8,NA,NA,NA,NA,NA,NA,NA,0,NA,-417
2,72032,"Iced Latte with Two Sugars Thanks",1081,341,1081,341,2023,8,NA,NA,NA,NA,NA,NA,NA,0,NA,-1081
2,72033,"T0land's T00ls",1062,397,1062,397,2023,8,NA,NA,NA,NA,NA,NA,NA,0,NA,-1062
2,72034,"Goin Noff",1123,213,1123,213,2023,8,NA,NA,NA,NA,NA,NA,NA,0,NA,-1123
2,72035,"Didak's Rat Pack",1123,213,1123,213,2023,8,NA,NA,NA,NA,NA,NA,NA,0,NA,-1123
2,72036,"Salt and Skepper",1125,208,1125,208,2023,8,NA,NA,NA,NA,NA,NA,NA,0,NA,-1125
2,72038,"Emerrettus Professors",1082,339,1082,339,2023,8,NA,NA,NA,NA,NA,NA,NA,0,NA,-1082
2,72040,"Marinoff the hook",1125,208,1125,208,2023,8,NA,NA,NA,NA,NA,NA,NA,0,NA,-1125
2,72041,"JPop's Jackpots",1106,255,1106,255,2023,8,NA,NA,NA,NA,NA,NA,NA,0,NA,-1106
2,72042,"Tom’s Terrors",1224,37,1224,37,2023,8,NA,NA,NA,NA,NA,NA,NA,0,NA,-1224
2,72044,"Conti Roll",1197,70,1197,70,2023,8,NA,NA,NA,NA,NA,NA,NA,0,NA,-1197
2,72045,"Rez",1084,333,1084,333,2023,8,NA,NA,NA,NA,NA,NA,NA,0,NA,-1084
2,72046,"Clint Beastwood",1083,337,1083,337,2023,8,NA,NA,NA,NA,NA,NA,NA,0,NA,-1083
2,72047,"X marks the Scott",1119,224,1119,224,2023,8,NA,NA,NA,NA,NA,NA,NA,0,NA,-1119
2,72048,"tso1967",888,658,888,658,2023,8,NA,NA,NA,NA,NA,NA,NA,0,NA,-888
2,72049,"Mon's Conti-ki Tours",896,654,896,654,2023,8,NA,NA,NA,NA,NA,NA,NA,0,NA,-896
2,72050,"Demon Dynasty",1040,456,1040,456,2023,8,NA,NA,NA,NA,NA,NA,NA,0,NA,-1040
2,72051,"Fid210",1206,54,1206,54,2023,8,NA,NA,NA,NA,NA,NA,NA,0,NA,-1206
2,72052,"South Dragons",958,602,958,602,2023,8,NA,NA,NA,NA,NA,NA,NA,0,NA,-958
2,72053,"Not A Scooby-Doo",1131,192,1131,192,2023,8,NA,NA,NA,NA,NA,NA,NA,0,NA,-1131
2,72054,"Brotato Chips",1065,389,1065,389,2023,8,NA,NA,NA,NA,NA,NA,NA,0,NA,-1065
2,72056,"Warne Dawgs",1058,409,1058,409,2023,8,NA,NA,NA,NA,NA,NA,NA,0,NA,-1058
2,72057,"Willy Warner",1093,305,1093,305,2023,8,NA,NA,NA,NA,NA,NA,NA,0,NA,-1093
2,72058,"Fitzroy Thirds",929,630,929,630,2023,8,NA,NA,NA,NA,NA,NA,NA,0,NA,-929
2,72060,"Potatoes",1184,92,1184,92,2023,8,NA,NA,NA,NA,NA,NA,NA,0,NA,-1184
2,72061,"The Plus6 Sense",1242,23,1242,23,2023,8,NA,NA,NA,NA,NA,NA,NA,0,NA,-1242
2,72064,"Footyhead11",1095,297,1095,297,2023,8,NA,NA,NA,NA,NA,NA,NA,0,NA,-1095
2,72066,"Dees B2B",1106,255,1106,255,2023,8,NA,NA,NA,NA,NA,NA,NA,0,NA,-1106
2,72067,"Flamin’ Hot Mitcheetos",1047,436,1047,436,2023,8,NA,NA,NA,NA,NA,NA,NA,0,NA,-1047
2,72068,"LK",1138,171,1138,171,2023,8,NA,NA,NA,NA,NA,NA,NA,0,NA,-1138
2,72069,"Valour Longa",1183,94,1183,94,2023,8,NA,NA,NA,NA,NA,NA,NA,0,NA,-1183
2,72071,"Captain Mooregans",1063,396,1063,396,2023,8,NA,NA,NA,NA,NA,NA,NA,0,NA,-1063
2,72073,"Duff Gardens",1175,109,1175,109,2023,8,NA,NA,NA,NA,NA,NA,NA,0,NA,-1175
2,72075,"Hop, Skep & Jump",1042,453,1042,453,2023,8,NA,NA,NA,NA,NA,NA,NA,0,NA,-1042
2,72076,"Rog 'n Rollers",370,728,370,728,2023,8,NA,NA,NA,NA,NA,NA,NA,0,NA,-370
2,72077,"Austin Bowers",1133,187,1133,187,2023,8,NA,NA,NA,NA,NA,NA,NA,0,NA,-1133
2,72079,"chaos",1104,266,1104,266,2023,8,NA,NA,NA,NA,NA,NA,NA,0,NA,-1104
2,72080,"Bowers Bruisers",1188,84,1188,84,2023,8,NA,NA,NA,NA,NA,NA,NA,0,NA,-1188
2,72081,"#Likeaboss",1066,382,1066,382,2023,8,NA,NA,NA,NA,NA,NA,NA,0,NA,-1066
2,72085,"La Nina Effect",999,543,999,543,2023,8,NA,NA,NA,NA,NA,NA,NA,0,NA,-999
2,72088,"Kermy",355,729,355,729,2023,8,NA,NA,NA,NA,NA,NA,NA,0,NA,-355
2,72089,"Schleicher Heaven",1057,410,1057,410,2023,8,NA,NA,NA,NA,NA,NA,NA,0,NA,-1057
2,72090,"Year Of The Hat",1168,117,1168,117,2023,8,NA,NA,NA,NA,NA,NA,NA,0,NA,-1168
2,72091,"MonConWontons",1121,220,1121,220,2023,8,NA,NA,NA,NA,NA,NA,NA,0,NA,-1121
2,72092,"My Teeth Are Mithen",1189,82,1189,82,2023,8,NA,NA,NA,NA,NA,NA,NA,0,NA,-1189
2,72096,"WhamBamThankYouHam",1126,205,1126,205,2023,8,NA,NA,NA,NA,NA,NA,NA,0,NA,-1126
2,72098,"Pooley’s Legendz",1145,154,1145,154,2023,8,NA,NA,NA,NA,NA,NA,NA,0,NA,-1145
2,72099,"Pill hungry seagulls",1085,328,1085,328,2023,8,NA,NA,NA,NA,NA,NA,NA,0,NA,-1085
2,72100,"Cordon Fleur",1125,208,1125,208,2023,8,NA,NA,NA,NA,NA,NA,NA,0,NA,-1125
2,72101,"botany balls",1060,403,1060,403,2023,8,NA,NA,NA,NA,NA,NA,NA,0,NA,-1060
2,72103,"North Melbourne",1009,521,1009,521,2023,8,NA,NA,NA,NA,NA,NA,NA,0,NA,-1009
2,72104,"Sotally Tober",1015,510,1015,510,2023,8,NA,NA,NA,NA,NA,NA,NA,0,NA,-1015
2,72106,"Locke It In",1204,55,1204,55,2023,8,NA,NA,NA,NA,NA,NA,NA,0,NA,-1204
2,72108,"Flett’s Flogs",1107,252,1107,252,2023,8,NA,NA,NA,NA,NA,NA,NA,0,NA,-1107
2,72109,"Mctrikith",1235,29,1235,29,2023,8,NA,NA,NA,NA,NA,NA,NA,0,NA,-1235
2,72111,"Big Mo Joe",814,690,814,690,2023,8,NA,NA,NA,NA,NA,NA,NA,0,NA,-814
2,72112,"Hamish Blake SP",1179,99,1179,99,2023,8,NA,NA,NA,NA,NA,NA,NA,0,NA,-1179
2,72113,"Lever's Leavers",1135,182,1135,182,2023,8,NA,NA,NA,NA,NA,NA,NA,0,NA,-1135
2,72114,"Charlie Rowtop",1178,101,1178,101,2023,8,NA,NA,NA,NA,NA,NA,NA,0,NA,-1178
2,72115,"Trent's River",1250,18,1250,18,2023,8,NA,NA,NA,NA,NA,NA,NA,0,NA,-1250
2,72119,"The Dragon",1105,261,1105,261,2023,8,NA,NA,NA,NA,NA,NA,NA,0,NA,-1105
2,72120,"Kenough",996,549,996,549,2023,8,NA,NA,NA,NA,NA,NA,NA,0,NA,-996
2,72121,"Chicks with Dawg",1067,381,1067,381,2023,8,NA,NA,NA,NA,NA,NA,NA,0,NA,-1067
2,72122,"spen",841,681,841,681,2023,8,NA,NA,NA,NA,NA,NA,NA,0,NA,-841
2,72123,"Wardlaw and Order",1145,154,1145,154,2023,8,NA,NA,NA,NA,NA,NA,NA,0,NA,-1145
2,72124,"@griffsc",1219,40,1219,40,2023,8,NA,NA,NA,NA,NA,NA,NA,0,NA,-1219
2,72125,"Recency Bias",1188,84,1188,84,2023,8,NA,NA,NA,NA,NA,NA,NA,0,NA,-1188
2,72127,"Molloy Magic ",1326,2,1326,2,2023,8,NA,NA,NA,NA,NA,NA,NA,0,NA,-1326
2,72128,"Ararat Rats",1022,486,1022,486,2023,8,NA,NA,NA,NA,NA,NA,NA,0,NA,-1022
2,72129,"Dana’s bEasts",1167,118,1167,118,2023,8,NA,NA,NA,NA,NA,NA,NA,0,NA,-1167
2,72130,"Wang",1095,297,1095,297,2023,8,NA,NA,NA,NA,NA,NA,NA,0,NA,-1095
2,72131,"Kiara Bowers Down To Nobody ",1191,78,1191,78,2023,8,NA,NA,NA,NA,NA,NA,NA,0,NA,-1191
2,72132,"Going Ham",1146,153,1146,153,2023,8,NA,NA,NA,NA,NA,NA,NA,0,NA,-1146
2,72133,"foopy",1132,188,1132,188,2023,8,NA,NA,NA,NA,NA,NA,NA,0,NA,-1132
2,72136,"Tom's Terminators",913,637,913,637,2023,8,NA,NA,NA,NA,NA,NA,NA,0,NA,-913
2,72138,"Back to Back",1235,29,1235,29,2023,8,NA,NA,NA,NA,NA,NA,NA,0,NA,-1235
2,72139,"AK 47s",984,574,984,574,2023,8,NA,NA,NA,NA,NA,NA,NA,0,NA,-984
2,72140,"Get Daka'd",1139,167,1139,167,2023,8,NA,NA,NA,NA,NA,NA,NA,0,NA,-1139
2,72141,"Shockmasters",996,549,996,549,2023,8,NA,NA,NA,NA,NA,NA,NA,0,NA,-996
2,72143,"Tamuhawk",1015,510,1015,510,2023,8,NA,NA,NA,NA,NA,NA,NA,0,NA,-1015
2,72145,"Bombed out Bombers",1068,380,1068,380,2023,8,NA,NA,NA,NA,NA,NA,NA,0,NA,-1068
2,72146,"The LC’s",1014,512,1014,512,2023,8,NA,NA,NA,NA,NA,NA,NA,0,NA,-1014
2,72148,"pressurepoint",915,636,915,636,2023,8,NA,NA,NA,NA,NA,NA,NA,0,NA,-915
2,72149,"Noffenheimer FC",1201,63,1201,63,2023,8,NA,NA,NA,NA,NA,NA,NA,0,NA,-1201
2,72150,"Anne’s Hat-Chase",1005,532,1005,532,2023,8,NA,NA,NA,NA,NA,NA,NA,0,NA,-1005
2,72151,"rbain21",1120,223,1120,223,2023,8,NA,NA,NA,NA,NA,NA,NA,0,NA,-1120
2,72152,"Hawks",1161,127,1161,127,2023,8,NA,NA,NA,NA,NA,NA,NA,0,NA,-1161
2,72153,"TheFantaCans",1061,401,1061,401,2023,8,NA,NA,NA,NA,NA,NA,NA,0,NA,-1061
2,72154,"Mattylee Allstars",903,644,903,644,2023,8,NA,NA,NA,NA,NA,NA,NA,0,NA,-903
2,72155,"MegaBlueFire ",982,577,982,577,2023,8,NA,NA,NA,NA,NA,NA,NA,0,NA,-982
2,72157,"mimihillfan",1086,325,1086,325,2023,8,NA,NA,NA,NA,NA,NA,NA,0,NA,-1086
2,72158,"Mimi & McKay",1023,484,1023,484,2023,8,NA,NA,NA,NA,NA,NA,NA,0,NA,-1023
2,72159,"The Fonzies",1203,60,1203,60,2023,8,NA,NA,NA,NA,NA,NA,NA,0,NA,-1203
2,72160,"Marley Cons",1197,70,1197,70,2023,8,NA,NA,NA,NA,NA,NA,NA,0,NA,-1197
2,72161,"Steering 'n' Beering",802,698,802,698,2023,8,NA,NA,NA,NA,NA,NA,NA,0,NA,-802
2,72162,"NJ Brownlow",673,721,673,721,2023,8,NA,NA,NA,NA,NA,NA,NA,0,NA,-673
2,72163,"Moe DeLawn",1060,403,1060,403,2023,8,NA,NA,NA,NA,NA,NA,NA,0,NA,-1060
2,72164,"SuperSquad 2023",990,563,990,563,2023,8,NA,NA,NA,NA,NA,NA,NA,0,NA,-990
2,72166,"WILD",952,604,952,604,2023,8,NA,NA,NA,NA,NA,NA,NA,0,NA,-952
2,72167,"Kizco's Pros",1077,353,1077,353,2023,8,NA,NA,NA,NA,NA,NA,NA,0,NA,-1077
2,72168,"The Duke",1098,289,1098,289,2023,8,NA,NA,NA,NA,NA,NA,NA,0,NA,-1098
2,72172,"flemings lemmings",1021,488,1021,488,2023,8,NA,NA,NA,NA,NA,NA,NA,0,NA,-1021
2,72173,"The Goats",1086,325,1086,325,2023,8,NA,NA,NA,NA,NA,NA,NA,0,NA,-1086
2,72176,"ElleniLegends",1104,266,1104,266,2023,8,NA,NA,NA,NA,NA,NA,NA,0,NA,-1104
2,72178,"Under the Dome",1248,21,1248,21,2023,8,NA,NA,NA,NA,NA,NA,NA,0,NA,-1248
2,72180,"Stromy Daniels",1176,106,1176,106,2023,8,NA,NA,NA,NA,NA,NA,NA,0,NA,-1176
2,72182,"Wyoming Bacon",1154,137,1154,137,2023,8,NA,NA,NA,NA,NA,NA,NA,0,NA,-1154
2,72183,"BowerPower",967,597,967,597,2023,8,NA,NA,NA,NA,NA,NA,NA,0,NA,-967
2,72184,"Fossilsfantasy ",1081,341,1081,341,2023,8,NA,NA,NA,NA,NA,NA,NA,0,NA,-1081
2,72186,"The Potato Cannons",1018,497,1018,497,2023,8,NA,NA,NA,NA,NA,NA,NA,0,NA,-1018
2,72187,"NTRising",1020,492,1020,492,2023,8,NA,NA,NA,NA,NA,NA,NA,0,NA,-1020
2,72188,"Bates Blitzkrieg ",924,632,924,632,2023,8,NA,NA,NA,NA,NA,NA,NA,0,NA,-924
2,72190,"Pipeline ",1018,497,1018,497,2023,8,NA,NA,NA,NA,NA,NA,NA,0,NA,-1018
2,72191,"Roberts was robbed",1117,229,1117,229,2023,8,NA,NA,NA,NA,NA,NA,NA,0,NA,-1117
2,72194,"Zorocila",973,589,973,589,2023,8,NA,NA,NA,NA,NA,NA,NA,0,NA,-973
2,72198,"Stickers",1127,203,1127,203,2023,8,NA,NA,NA,NA,NA,NA,NA,0,NA,-1127
2,72199,"Bucket",834,685,834,685,2023,8,NA,NA,NA,NA,NA,NA,NA,0,NA,-834
2,72201,"Sploids",1178,101,1178,101,2023,8,NA,NA,NA,NA,NA,NA,NA,0,NA,-1178
2,72204,"The Far Kennellys",1201,63,1201,63,2023,8,NA,NA,NA,NA,NA,NA,NA,0,NA,-1201
2,72206,"Shirley’s Shielas",1236,28,1236,28,2023,8,NA,NA,NA,NA,NA,NA,NA,0,NA,-1236
2,72207,"Wayda's Raiders",1234,31,1234,31,2023,8,NA,NA,NA,NA,NA,NA,NA,0,NA,-1234
2,72209,"Stannett's War",1111,243,1111,243,2023,8,NA,NA,NA,NA,NA,NA,NA,0,NA,-1111
2,72211,"Bails Nails",1065,389,1065,389,2023,8,NA,NA,NA,NA,NA,NA,NA,0,NA,-1065
2,72212,"LDU Passionfruit",997,547,997,547,2023,8,NA,NA,NA,NA,NA,NA,NA,0,NA,-997
2,72215,"Excelerators",1204,55,1204,55,2023,8,NA,NA,NA,NA,NA,NA,NA,0,NA,-1204
2,72216,"LucasSencek0",902,646,902,646,2023,8,NA,NA,NA,NA,NA,NA,NA,0,NA,-902
2,72217,"Connoisseur",1074,360,1074,360,2023,8,NA,NA,NA,NA,NA,NA,NA,0,NA,-1074
2,72218,"Aurora CoreyEllis",1199,67,1199,67,2023,8,NA,NA,NA,NA,NA,NA,NA,0,NA,-1199
2,72221,"1 week at a time",1153,139,1153,139,2023,8,NA,NA,NA,NA,NA,NA,NA,0,NA,-1153
2,72222,"SmackMyAlpaca",1101,280,1101,280,2023,8,NA,NA,NA,NA,NA,NA,NA,0,NA,-1101
2,72223,"Team Extreme W",944,618,944,618,2023,8,NA,NA,NA,NA,NA,NA,NA,0,NA,-944
2,72225,"James FC",1016,503,1016,503,2023,8,NA,NA,NA,NA,NA,NA,NA,0,NA,-1016
2,72227,"Albie's Cats",1134,186,1134,186,2023,8,NA,NA,NA,NA,NA,NA,NA,0,NA,-1134
2,72232,"BomBomsToogood",896,654,896,654,2023,8,NA,NA,NA,NA,NA,NA,NA,0,NA,-896
2,72234,"The Bowerpuff Girls",1096,295,1096,295,2023,8,NA,NA,NA,NA,NA,NA,NA,0,NA,-1096
2,72235,"Jesus died for our Cynthias",969,594,969,594,2023,8,NA,NA,NA,NA,NA,NA,NA,0,NA,-969
2,72239,"Tyler Durden ",809,692,809,692,2023,8,NA,NA,NA,NA,NA,NA,NA,0,NA,-809
2,72243,"RP Koala Kings",1225,36,1225,36,2023,8,NA,NA,NA,NA,NA,NA,NA,0,NA,-1225
2,72247,"Serong so Right",788,699,788,699,2023,8,NA,NA,NA,NA,NA,NA,NA,0,NA,-788
2,72250,"Sharkies_",1241,24,1241,24,2023,8,NA,NA,NA,NA,NA,NA,NA,0,NA,-1241
2,72251,"Flagroos ",995,555,995,555,2023,8,NA,NA,NA,NA,NA,NA,NA,0,NA,-995
2,72253,"Ranga",1110,247,1110,247,2023,8,NA,NA,NA,NA,NA,NA,NA,0,NA,-1110
2,72254,"   Change ",1054,414,1054,414,2023,8,NA,NA,NA,NA,NA,NA,NA,0,NA,-1054
2,72255,"Miller is a Steele",634,722,634,722,2023,8,NA,NA,NA,NA,NA,NA,NA,0,NA,-634
2,72260,"Hewett’s Herd",1281,6,1281,6,2023,8,NA,NA,NA,NA,NA,NA,NA,0,NA,-1281
2,72261,"Ruby's Ruby",939,623,939,623,2023,8,NA,NA,NA,NA,NA,NA,NA,0,NA,-939
2,72263,"Trout Farmers",1224,37,1224,37,2023,8,NA,NA,NA,NA,NA,NA,NA,0,NA,-1224
2,72264,"Billings Bagels",1197,70,1197,70,2023,8,NA,NA,NA,NA,NA,NA,NA,0,NA,-1197
2,72265,"Bowers and Beyond",1232,33,1232,33,2023,8,NA,NA,NA,NA,NA,NA,NA,0,NA,-1232
2,72267,"Ben’s Bombshells",1045,444,1045,444,2023,8,NA,NA,NA,NA,NA,NA,NA,0,NA,-1045
2,72268,"St Lucia Swanns",1085,328,1085,328,2023,8,NA,NA,NA,NA,NA,NA,NA,0,NA,-1085
2,72271,"Riddell me this ",1190,80,1190,80,2023,8,NA,NA,NA,NA,NA,NA,NA,0,NA,-1190
2,72273,"Flag Benj",807,696,807,696,2023,8,NA,NA,NA,NA,NA,NA,NA,0,NA,-807
2,72274,"The Crom",841,681,841,681,2023,8,NA,NA,NA,NA,NA,NA,NA,0,NA,-841
2,72275,"Boomshalakas",621,723,621,723,2023,8,NA,NA,NA,NA,NA,NA,NA,0,NA,-621
2,72277,"Gay All Day ",946,615,946,615,2023,8,NA,NA,NA,NA,NA,NA,NA,0,NA,-946
2,72280,"The Men",744,708,744,708,2023,8,NA,NA,NA,NA,NA,NA,NA,0,NA,-744
2,72283,"swooping season",854,672,854,672,2023,8,NA,NA,NA,NA,NA,NA,NA,0,NA,-854
2,72291,"HB98",753,705,753,705,2023,8,NA,NA,NA,NA,NA,NA,NA,0,NA,-753
2,72292,"Shake and Bake",770,703,770,703,2023,8,NA,NA,NA,NA,NA,NA,NA,0,NA,-770
2,72300,"slippery 32",904,643,904,643,2023,8,NA,NA,NA,NA,NA,NA,NA,0,NA,-904
2,72301,"Erinthegoat",900,649,900,649,2023,8,NA,NA,NA,NA,NA,NA,NA,0,NA,-900
2,72302,"Disqualified ",1025,480,1025,480,2023,8,NA,NA,NA,NA,NA,NA,NA,0,NA,-1025
2,72311,"Tim",678,719,678,719,2023,8,NA,NA,NA,NA,NA,NA,NA,0,NA,-678
2,72315,"Bewick's Bananas",1043,451,1043,451,2023,8,NA,NA,NA,NA,NA,NA,NA,0,NA,-1043
2,72323,"AgainstAllOdds",1007,526,1007,526,2023,8,NA,NA,NA,NA,NA,NA,NA,0,NA,-1007
2,72325,"Big clanger energy ",1151,144,1151,144,2023,8,NA,NA,NA,NA,NA,NA,NA,0,NA,-1151
2,72327,"Flying High",1098,289,1098,289,2023,8,NA,NA,NA,NA,NA,NA,NA,0,NA,-1098
2,72329,"CH",723,713,723,713,2023,8,NA,NA,NA,NA,NA,NA,NA,0,NA,-723
2,72331,"Carn The Pies",1046,442,1046,442,2023,8,NA,NA,NA,NA,NA,NA,NA,0,NA,-1046
2,72335,"Liverpool",989,564,989,564,2023,8,NA,NA,NA,NA,NA,NA,NA,0,NA,-989
2,72336,"Hickory Dickory Doch",1216,44,1216,44,2023,8,NA,NA,NA,NA,NA,NA,NA,0,NA,-1216
2,72337,"Pommy Bin Chickens",1038,461,1038,461,2023,8,NA,NA,NA,NA,NA,NA,NA,0,NA,-1038
2,72338,"Polar Power",841,681,841,681,2023,8,NA,NA,NA,NA,NA,NA,NA,0,NA,-841
2,72340,"Kirky's Kickers",968,595,968,595,2023,8,NA,NA,NA,NA,NA,NA,NA,0,NA,-968
2,72341,"AIRJORDAN",1186,90,1186,90,2023,8,NA,NA,NA,NA,NA,NA,NA,0,NA,-1186
2,72363,"Fantasy is Hatchard",1098,289,1098,289,2023,8,NA,NA,NA,NA,NA,NA,NA,0,NA,-1098
2,72364,"Fighting Furies",1065,389,1065,389,2023,8,NA,NA,NA,NA,NA,NA,NA,0,NA,-1065
2,72371,"Ditty420",1014,512,1014,512,2023,8,NA,NA,NA,NA,NA,NA,NA,0,NA,-1014
2,72372,"Bloomy",729,711,729,711,2023,8,NA,NA,NA,NA,NA,NA,NA,0,NA,-729
2,72389,"Cosmic Wizards",724,712,724,712,2023,8,NA,NA,NA,NA,NA,NA,NA,0,NA,-724
2,72391,"Freedawgs",1017,499,1017,499,2023,8,NA,NA,NA,NA,NA,NA,NA,0,NA,-1017
2,72393,"Kez027",883,661,883,661,2023,8,NA,NA,NA,NA,NA,NA,NA,0,NA,-883
2,72401,"Malicious Mangos",1204,55,1204,55,2023,8,NA,NA,NA,NA,NA,NA,NA,0,NA,-1204
2,72402,"Crushed Lemons",1139,167,1139,167,2023,8,NA,NA,NA,NA,NA,NA,NA,0,NA,-1139
2,72405,"Team Trash ",1017,499,1017,499,2023,8,NA,NA,NA,NA,NA,NA,NA,0,NA,-1017
2,72408,"The Gals",823,689,823,689,2023,8,NA,NA,NA,NA,NA,NA,NA,0,NA,-823
2,72411,"ChuppaChumps",903,644,903,644,2023,8,NA,NA,NA,NA,NA,NA,NA,0,NA,-903
2,72413,"Kings FC",680,718,680,718,2023,8,NA,NA,NA,NA,NA,NA,NA,0,NA,-680
2,72414,"Gabis Team",712,715,712,715,2023,8,NA,NA,NA,NA,NA,NA,NA,0,NA,-712
2,72416,"Noisy Ninjas",952,604,952,604,2023,8,NA,NA,NA,NA,NA,NA,NA,0,NA,-952
2,72420,"go crom",849,676,849,676,2023,8,NA,NA,NA,NA,NA,NA,NA,0,NA,-849
2,72423,"Bluegirls",1114,239,1114,239,2023,8,NA,NA,NA,NA,NA,NA,NA,0,NA,-1114
2,72427,"Matty's Magic",1201,63,1201,63,2023,8,NA,NA,NA,NA,NA,NA,NA,0,NA,-1201
2,72432,"Chin’s Chicks",985,572,985,572,2023,8,NA,NA,NA,NA,NA,NA,NA,0,NA,-985
2,72433,"Miller Time",1240,25,1240,25,2023,8,NA,NA,NA,NA,NA,NA,NA,0,NA,-1240
2,72438,"The Accumulators",1036,464,1036,464,2023,8,NA,NA,NA,NA,NA,NA,NA,0,NA,-1036
2,72440,"Banksia",897,652,897,652,2023,8,NA,NA,NA,NA,NA,NA,NA,0,NA,-897
2,72441,"nick from nat",616,725,616,725,2023,8,NA,NA,NA,NA,NA,NA,NA,0,NA,-616
2,72444,"On_De_Goey",733,710,733,710,2023,8,NA,NA,NA,NA,NA,NA,NA,0,NA,-733
2,72451,"Scarstrikers",683,716,683,716,2023,8,NA,NA,NA,NA,NA,NA,NA,0,NA,-683
2,72452,"Son Of A Gunn",1085,328,1085,328,2023,8,NA,NA,NA,NA,NA,NA,NA,0,NA,-1085
2,72459,"Marvelous Marinoffs",1047,436,1047,436,2023,8,NA,NA,NA,NA,NA,NA,NA,0,NA,-1047
2,72460,"Trent Callen",754,704,754,704,2023,8,NA,NA,NA,NA,NA,NA,NA,0,NA,-754
2,72465,"Jimmyspups",674,720,674,720,2023,8,NA,NA,NA,NA,NA,NA,NA,0,NA,-674
2,72467,"Schleicher no Schleiching",1121,220,1121,220,2023,8,NA,NA,NA,NA,NA,NA,NA,0,NA,-1121
2,72468,"Roaders",1130,196,1130,196,2023,8,NA,NA,NA,NA,NA,NA,NA,0,NA,-1130
2,72472,"Bowers before the Queen",919,635,919,635,2023,8,NA,NA,NA,NA,NA,NA,NA,0,NA,-919
2,72474,"Never Again List",1135,182,1135,182,2023,8,NA,NA,NA,NA,NA,NA,NA,0,NA,-1135
2,72479,"Leave it to Eva",1069,372,1069,372,2023,8,NA,NA,NA,NA,NA,NA,NA,0,NA,-1069
2,72480,"Tyanna piece of me",1202,61,1202,61,2023,8,NA,NA,NA,NA,NA,NA,NA,0,NA,-1202
2,72490,"Get Gnarly With Zarlie",1099,285,1099,285,2023,8,NA,NA,NA,NA,NA,NA,NA,0,NA,-1099
2,72491,"Join In The Chorus",1089,314,1089,314,2023,8,NA,NA,NA,NA,NA,NA,NA,0,NA,-1089
2,72492,"Gyguop",682,717,682,717,2023,8,NA,NA,NA,NA,NA,NA,NA,0,NA,-682
2,72502,"Emu Parade",1115,236,1115,236,2023,8,NA,NA,NA,NA,NA,NA,NA,0,NA,-1115
2,72505,"livas legends",1140,165,1140,165,2023,8,NA,NA,NA,NA,NA,NA,NA,0,NA,-1140
2,72506,"JPMagic’s Stars",747,707,747,707,2023,8,NA,NA,NA,NA,NA,NA,NA,0,NA,-747
2,72512,"Odds & Steven",1215,45,1215,45,2023,8,NA,NA,NA,NA,NA,NA,NA,0,NA,-1215
2,72513,"Aidoss minions 2",891,656,891,656,2023,8,NA,NA,NA,NA,NA,NA,NA,0,NA,-891
2,72514,"Paddy’s Pals",1084,333,1084,333,2023,8,NA,NA,NA,NA,NA,NA,NA,0,NA,-1084
2,72519,"MattyToogood",1101,280,1101,280,2023,8,NA,NA,NA,NA,NA,NA,NA,0,NA,-1101
2,72524,"Sad Cat Lazysods",862,668,862,668,2023,8,NA,NA,NA,NA,NA,NA,NA,0,NA,-862
2,72531,"The Sendits",1153,139,1153,139,2023,8,NA,NA,NA,NA,NA,NA,NA,0,NA,-1153
2,72533,"Don-imators ",1043,451,1043,451,2023,8,NA,NA,NA,NA,NA,NA,NA,0,NA,-1043
2,72534,"gawnhub.com.au",740,709,740,709,2023,8,NA,NA,NA,NA,NA,NA,NA,0,NA,-740
2,72537,"GinbeyandTonic",932,628,932,628,2023,8,NA,NA,NA,NA,NA,NA,NA,0,NA,-932
2,72538,"TEAM ALPHA",1164,122,1164,122,2023,8,NA,NA,NA,NA,NA,NA,NA,0,NA,-1164
2,72539,"FreoMe",1013,514,1013,514,2023,8,NA,NA,NA,NA,NA,NA,NA,0,NA,-1013
2,72540,"Mullet's Muppets",1144,156,1144,156,2023,8,NA,NA,NA,NA,NA,NA,NA,0,NA,-1144
2,72541,"Darwin Dingoes ",885,659,885,659,2023,8,NA,NA,NA,NA,NA,NA,NA,0,NA,-885
2,72545,"Creative Team Name",1129,199,1129,199,2023,8,NA,NA,NA,NA,NA,NA,NA,0,NA,-1129
2,72548,"S.Hurley Montana goes Ham",1284,5,1284,5,2023,8,NA,NA,NA,NA,NA,NA,NA,0,NA,-1284
2,72549,"Nina's locks",1188,84,1188,84,2023,8,NA,NA,NA,NA,NA,NA,NA,0,NA,-1188
2,72552,"Ham or No Ham",1050,431,1050,431,2023,8,NA,NA,NA,NA,NA,NA,NA,0,NA,-1050
2,72553,"Mozdog's Mummies",617,724,617,724,2023,8,NA,NA,NA,NA,NA,NA,NA,0,NA,-617
2,72556,"The Officers ",1087,321,1087,321,2023,8,NA,NA,NA,NA,NA,NA,NA,0,NA,-1087
2,72557,"The Philly Special",1104,266,1104,266,2023,8,NA,NA,NA,NA,NA,NA,NA,0,NA,-1104
2,72560,"Instorgata",1071,368,1071,368,2023,8,NA,NA,NA,NA,NA,NA,NA,0,NA,-1071
2,72563,"The Original Wooden Fingers ",1198,68,1198,68,2023,8,NA,NA,NA,NA,NA,NA,NA,0,NA,-1198
2,72565,"20NineLives",1066,382,1066,382,2023,8,NA,NA,NA,NA,NA,NA,NA,0,NA,-1066
2,72566,"Pride of SA",1076,355,1076,355,2023,8,NA,NA,NA,NA,NA,NA,NA,0,NA,-1076
2,72567,"Matty's Fireflies",1112,242,1112,242,2023,8,NA,NA,NA,NA,NA,NA,NA,0,NA,-1112
2,72570,"Louis’ Lionesses",1164,122,1164,122,2023,8,NA,NA,NA,NA,NA,NA,NA,0,NA,-1164
2,72577,"Stanger Danger",1227,35,1227,35,2023,8,NA,NA,NA,NA,NA,NA,NA,0,NA,-1227
2,72579,"Super Squids",1039,459,1039,459,2023,8,NA,NA,NA,NA,NA,NA,NA,0,NA,-1039
2,72580,"The Cleaner",1116,232,1116,232,2023,8,NA,NA,NA,NA,NA,NA,NA,0,NA,-1116
2,72582,"itsTurboTime",1129,199,1129,199,2023,8,NA,NA,NA,NA,NA,NA,NA,0,NA,-1129
2,72584,"Freeeeeooooooo",808,693,808,693,2023,8,NA,NA,NA,NA,NA,NA,NA,0,NA,-808
2,72587,"The Roman Brians",1004,533,1004,533,2023,8,NA,NA,NA,NA,NA,NA,NA,0,NA,-1004
2,72589,"The Banker",1104,266,1104,266,2023,8,NA,NA,NA,NA,NA,NA,NA,0,NA,-1104
2,72590,"West Coast E-Girls",1048,433,1048,433,2023,8,NA,NA,NA,NA,NA,NA,NA,0,NA,-1048
2,72591,"Marinoff’s Strognanoff",1076,355,1076,355,2023,8,NA,NA,NA,NA,NA,NA,NA,0,NA,-1076
2,72593,"moarmidtime",1103,274,1103,274,2023,8,NA,NA,NA,NA,NA,NA,NA,0,NA,-1103
2,72594,"SavouryShapes",1106,255,1106,255,2023,8,NA,NA,NA,NA,NA,NA,NA,0,NA,-1106
2,72596,"AJs Day of Fray",993,557,993,557,2023,8,NA,NA,NA,NA,NA,NA,NA,0,NA,-993
2,72600,"BarrelOfTheYear",1087,321,1087,321,2023,8,NA,NA,NA,NA,NA,NA,NA,0,NA,-1087
2,72601,"Horde of Heroines",1017,499,1017,499,2023,8,NA,NA,NA,NA,NA,NA,NA,0,NA,-1017
2,72603,"The Dragonflies ",1008,523,1008,523,2023,8,NA,NA,NA,NA,NA,NA,NA,0,NA,-1008
2,72605,"Aluniesheis ",1106,255,1106,255,2023,8,NA,NA,NA,NA,NA,NA,NA,0,NA,-1106
2,72606,"NOBLES IN SIGHT",991,561,991,561,2023,8,NA,NA,NA,NA,NA,NA,NA,0,NA,-991
2,72609,"Masca's Milliebells",1250,18,1250,18,2023,8,NA,NA,NA,NA,NA,NA,NA,0,NA,-1250
2,72610,"Cowie bullz",866,666,866,666,2023,8,NA,NA,NA,NA,NA,NA,NA,0,NA,-866
2,72611,"Ninny Poo",1090,311,1090,311,2023,8,NA,NA,NA,NA,NA,NA,NA,0,NA,-1090
2,72612,"Jrodz Juggernaut",1154,137,1154,137,2023,8,NA,NA,NA,NA,NA,NA,NA,0,NA,-1154
2,72614,"Simply Bad Product",1259,14,1259,14,2023,8,NA,NA,NA,NA,NA,NA,NA,0,NA,-1259
2,72615,"Garners Grommets",1052,421,1052,421,2023,8,NA,NA,NA,NA,NA,NA,NA,0,NA,-1052
2,72622,"The Mo Hopers",1044,448,1044,448,2023,8,NA,NA,NA,NA,NA,NA,NA,0,NA,-1044
2,72623,"Bower's AFLBAF",1024,482,1024,482,2023,8,NA,NA,NA,NA,NA,NA,NA,0,NA,-1024
2,72624,"RammyH",1069,372,1069,372,2023,8,NA,NA,NA,NA,NA,NA,NA,0,NA,-1069
2,72630,"DJ Trade-a-Lot",1189,82,1189,82,2023,8,NA,NA,NA,NA,NA,NA,NA,0,NA,-1189
2,72631,"Coco Loco",1016,503,1016,503,2023,8,NA,NA,NA,NA,NA,NA,NA,0,NA,-1016
2,72632,"Duffers",1151,144,1151,144,2023,8,NA,NA,NA,NA,NA,NA,NA,0,NA,-1151
2,72633,"GoGoBluez",922,633,922,633,2023,8,NA,NA,NA,NA,NA,NA,NA,0,NA,-922
2,72634,"crackers",1164,122,1164,122,2023,8,NA,NA,NA,NA,NA,NA,NA,0,NA,-1164
2,72635,"Son of a Mongoose!",1051,427,1051,427,2023,8,NA,NA,NA,NA,NA,NA,NA,0,NA,-1051
2,72636,"Lost in the Sauce",885,659,885,659,2023,8,NA,NA,NA,NA,NA,NA,NA,0,NA,-885
2,72639,"Going Down Fighting",1094,300,1094,300,2023,8,NA,NA,NA,NA,NA,NA,NA,0,NA,-1094
2,72641,"Giraffe",1110,247,1110,247,2023,8,NA,NA,NA,NA,NA,NA,NA,0,NA,-1110
2,72642,"Fantasy Pawn Stars",851,674,851,674,2023,8,NA,NA,NA,NA,NA,NA,NA,0,NA,-851
2,72643,"Occams Razor",1078,349,1078,349,2023,8,NA,NA,NA,NA,NA,NA,NA,0,NA,-1078
2,72644,"MrG",1105,261,1105,261,2023,8,NA,NA,NA,NA,NA,NA,NA,0,NA,-1105
2,72646,"Wow",1119,224,1119,224,2023,8,NA,NA,NA,NA,NA,NA,NA,0,NA,-1119
2,72647,"Ozi Gold",1102,277,1102,277,2023,8,NA,NA,NA,NA,NA,NA,NA,0,NA,-1102
2,72648,"The Full Conti",833,686,833,686,2023,8,NA,NA,NA,NA,NA,NA,NA,0,NA,-833
2,72649,"Daisy chains",1257,15,1257,15,2023,8,NA,NA,NA,NA,NA,NA,NA,0,NA,-1257
2,72651,"MonkeraiGuy",1176,106,1176,106,2023,8,NA,NA,NA,NA,NA,NA,NA,0,NA,-1176
2,72654,"Beechboro Bombers",1069,372,1069,372,2023,8,NA,NA,NA,NA,NA,NA,NA,0,NA,-1069
2,72656,"Mon Conti's Simps",1036,464,1036,464,2023,8,NA,NA,NA,NA,NA,NA,NA,0,NA,-1036
2,72657,"Trunky’s Tyros",1117,229,1117,229,2023,8,NA,NA,NA,NA,NA,NA,NA,0,NA,-1117
2,72660,"Sycamore AFLW",1001,538,1001,538,2023,8,NA,NA,NA,NA,NA,NA,NA,0,NA,-1001
2,72662,"CHOJEK MKD Marvels",982,577,982,577,2023,8,NA,NA,NA,NA,NA,NA,NA,0,NA,-982
2,72664,"Power66 ",1048,433,1048,433,2023,8,NA,NA,NA,NA,NA,NA,NA,0,NA,-1048
2,72666,"Pav’s Champs",1223,39,1223,39,2023,8,NA,NA,NA,NA,NA,NA,NA,0,NA,-1223
2,72667,"hugh grants sugar baby",831,687,831,687,2023,8,NA,NA,NA,NA,NA,NA,NA,0,NA,-831
2,72668,"Sniff My Socks",848,677,848,677,2023,8,NA,NA,NA,NA,NA,NA,NA,0,NA,-848
2,72669,"This is Great",719,714,719,714,2023,8,NA,NA,NA,NA,NA,NA,NA,0,NA,-719
2,72670,"Hannah Ewings Fan Club",1213,48,1213,48,2023,8,NA,NA,NA,NA,NA,NA,NA,0,NA,-1213
2,72671,"Ribers",1040,456,1040,456,2023,8,NA,NA,NA,NA,NA,NA,NA,0,NA,-1040
2,72672,"TheReamingMooses",1111,243,1111,243,2023,8,NA,NA,NA,NA,NA,NA,NA,0,NA,-1111
2,72673,"lappinitup",1094,300,1094,300,2023,8,NA,NA,NA,NA,NA,NA,NA,0,NA,-1094
2,72674,"Vicwood",1170,114,1170,114,2023,8,NA,NA,NA,NA,NA,NA,NA,0,NA,-1170
2,72675,"TheDreamers",1052,421,1052,421,2023,8,NA,NA,NA,NA,NA,NA,NA,0,NA,-1052
2,72676,"The Faulty Bowers",900,649,900,649,2023,8,NA,NA,NA,NA,NA,NA,NA,0,NA,-900
2,72677,"Legion of Doom",1091,310,1091,310,2023,8,NA,NA,NA,NA,NA,NA,NA,0,NA,-1091
2,72678,"The Angry Drama Llamas",1111,243,1111,243,2023,8,NA,NA,NA,NA,NA,NA,NA,0,NA,-1111
2,72679,"Sexy Shaivonte",1122,217,1122,217,2023,8,NA,NA,NA,NA,NA,NA,NA,0,NA,-1122
2,72680,"Foxy's Fe-Lions",1141,163,1141,163,2023,8,NA,NA,NA,NA,NA,NA,NA,0,NA,-1141
2,72681,"Schmittsons",1163,125,1163,125,2023,8,NA,NA,NA,NA,NA,NA,NA,0,NA,-1163
2,72682,"School of Champions",1074,360,1074,360,2023,8,NA,NA,NA,NA,NA,NA,NA,0,NA,-1074
2,72684,"Ironwings ",1032,471,1032,471,2023,8,NA,NA,NA,NA,NA,NA,NA,0,NA,-1032
2,72685,"TrueTeal",973,589,973,589,2023,8,NA,NA,NA,NA,NA,NA,NA,0,NA,-973
2,72687,"Forward Flankers",1131,192,1131,192,2023,8,NA,NA,NA,NA,NA,NA,NA,0,NA,-1131
2,72689,"Nogitsune FC",1128,202,1128,202,2023,8,NA,NA,NA,NA,NA,NA,NA,0,NA,-1128
2,72690,"Mazzii",1053,416,1053,416,2023,8,NA,NA,NA,NA,NA,NA,NA,0,NA,-1053
2,72692,"Charlie and the Fantasy Factory",1215,45,1215,45,2023,8,NA,NA,NA,NA,NA,NA,NA,0,NA,-1215
2,72693,"Winter is Cumming",1008,523,1008,523,2023,8,NA,NA,NA,NA,NA,NA,NA,0,NA,-1008
2,72695,"Purple Circle",1047,436,1047,436,2023,8,NA,NA,NA,NA,NA,NA,NA,0,NA,-1047
2,72697,"Kaotic Kidz",1114,239,1114,239,2023,8,NA,NA,NA,NA,NA,NA,NA,0,NA,-1114
2,72699,"Brooklyn Rebels",1048,433,1048,433,2023,8,NA,NA,NA,NA,NA,NA,NA,0,NA,-1048
2,72701,"Opossums",974,587,974,587,2023,8,NA,NA,NA,NA,NA,NA,NA,0,NA,-974
2,72702,"FiRocious",1179,99,1179,99,2023,8,NA,NA,NA,NA,NA,NA,NA,0,NA,-1179
2,72704,"Boggy Creek Allstars",1045,444,1045,444,2023,8,NA,NA,NA,NA,NA,NA,NA,0,NA,-1045
2,72706,"Afwl 1",965,598,965,598,2023,8,NA,NA,NA,NA,NA,NA,NA,0,NA,-965
2,72707,"The Wet Bandits",1038,461,1038,461,2023,8,NA,NA,NA,NA,NA,NA,NA,0,NA,-1038
2,72708,"not too shabby",945,617,945,617,2023,8,NA,NA,NA,NA,NA,NA,NA,0,NA,-945
2,72709,"Poutine on the Ritz",1158,131,1158,131,2023,8,NA,NA,NA,NA,NA,NA,NA,0,NA,-1158
2,72710,"Richenmoister",1096,295,1096,295,2023,8,NA,NA,NA,NA,NA,NA,NA,0,NA,-1096
2,72711,"guts oclock",1019,495,1019,495,2023,8,NA,NA,NA,NA,NA,NA,NA,0,NA,-1019
2,72712,"Russell's Crowes ",870,665,870,665,2023,8,NA,NA,NA,NA,NA,NA,NA,0,NA,-870
2,72713,"Contiiiiiii",981,579,981,579,2023,8,NA,NA,NA,NA,NA,NA,NA,0,NA,-981
2,72715,"jake's team",1149,148,1149,148,2023,8,NA,NA,NA,NA,NA,NA,NA,0,NA,-1149
2,72716,"Mr Sarag",1115,236,1115,236,2023,8,NA,NA,NA,NA,NA,NA,NA,0,NA,-1115
2,72719,"Bluth Lodge",1273,11,1273,11,2023,8,NA,NA,NA,NA,NA,NA,NA,0,NA,-1273
2,72720,"Georgie4Eva",1002,535,1002,535,2023,8,NA,NA,NA,NA,NA,NA,NA,0,NA,-1002
2,72722,"Skillbreakers",1207,52,1207,52,2023,8,NA,NA,NA,NA,NA,NA,NA,0,NA,-1207
2,72723,"Trobbas Trolls",1176,106,1176,106,2023,8,NA,NA,NA,NA,NA,NA,NA,0,NA,-1176
2,72724,"Danyon’s Dropettes",1051,427,1051,427,2023,8,NA,NA,NA,NA,NA,NA,NA,0,NA,-1051
2,72725,"CoolahBlackStumpers",1165,120,1165,120,2023,8,NA,NA,NA,NA,NA,NA,NA,0,NA,-1165
2,72726,"newbloods",909,641,909,641,2023,8,NA,NA,NA,NA,NA,NA,NA,0,NA,-909
2,72727,"Pepe Silvia",963,600,963,600,2023,8,NA,NA,NA,NA,NA,NA,NA,0,NA,-963
2,72729,"buddypluggers",987,566,987,566,2023,8,NA,NA,NA,NA,NA,NA,NA,0,NA,-987
2,72731,"Craven Cottage (H)",1105,261,1105,261,2023,8,NA,NA,NA,NA,NA,NA,NA,0,NA,-1105
2,72733,"hanneberries",899,651,899,651,2023,8,NA,NA,NA,NA,NA,NA,NA,0,NA,-899
2,72734,"Noffys naughties",1187,87,1187,87,2023,8,NA,NA,NA,NA,NA,NA,NA,0,NA,-1187
2,72735,"Barking Gheckos",1084,333,1084,333,2023,8,NA,NA,NA,NA,NA,NA,NA,0,NA,-1084
1,72736,"JBFC",1039,459,1039,459,2023,8,NA,NA,NA,NA,NA,NA,NA,0,NA,-1039
2,72736,"JBFC",1039,459,1039,459,2023,8,NA,NA,NA,NA,NA,NA,NA,0,NA,-1039
2,72737,"Bower birds",1129,199,1129,199,2023,8,NA,NA,NA,NA,NA,NA,NA,0,NA,-1129
2,72738,"Whats up",1187,87,1187,87,2023,8,NA,NA,NA,NA,NA,NA,NA,0,NA,-1187
2,72739,"Crowdpullers",851,674,851,674,2023,8,NA,NA,NA,NA,NA,NA,NA,0,NA,-851
2,72740,"ToobigToostrongToogood",1175,109,1175,109,2023,8,NA,NA,NA,NA,NA,NA,NA,0,NA,-1175
2,72744,"Greggaaaaaaaa",1060,403,1060,403,2023,8,NA,NA,NA,NA,NA,NA,NA,0,NA,-1060
2,72745,"JDSquad",1151,144,1151,144,2023,8,NA,NA,NA,NA,NA,NA,NA,0,NA,-1151
2,72746,"whatlez",1102,277,1102,277,2023,8,NA,NA,NA,NA,NA,NA,NA,0,NA,-1102
2,72750,"Fezmonkeys",1017,499,1017,499,2023,8,NA,NA,NA,NA,NA,NA,NA,0,NA,-1017
2,72751,"Berls Girls",1078,349,1078,349,2023,8,NA,NA,NA,NA,NA,NA,NA,0,NA,-1078
2,72752,"Try harder",1157,132,1157,132,2023,8,NA,NA,NA,NA,NA,NA,NA,0,NA,-1157
2,72756,"Drisco’s disco",951,606,951,606,2023,8,NA,NA,NA,NA,NA,NA,NA,0,NA,-951
2,72757,"Schmidt show",1059,408,1059,408,2023,8,NA,NA,NA,NA,NA,NA,NA,0,NA,-1059
2,72758,"TBD",1008,523,1008,523,2023,8,NA,NA,NA,NA,NA,NA,NA,0,NA,-1008
2,72760,"Crusaders",1027,478,1027,478,2023,8,NA,NA,NA,NA,NA,NA,NA,0,NA,-1027
2,72761,"Neva Lost",902,646,902,646,2023,8,NA,NA,NA,NA,NA,NA,NA,0,NA,-902
2,72762,"Gyros Patrikios",1159,130,1159,130,2023,8,NA,NA,NA,NA,NA,NA,NA,0,NA,-1159
2,72763,"Toogood4u",1022,486,1022,486,2023,8,NA,NA,NA,NA,NA,NA,NA,0,NA,-1022
2,72765,"Robot Devils",1006,530,1006,530,2023,8,NA,NA,NA,NA,NA,NA,NA,0,NA,-1006
2,72767,"Noffy isn't a nuffy",1062,397,1062,397,2023,8,NA,NA,NA,NA,NA,NA,NA,0,NA,-1062
2,72768,"NiesoFC",1121,220,1121,220,2023,8,NA,NA,NA,NA,NA,NA,NA,0,NA,-1121
2,72770,"Tyrannosaurus Tex",1147,152,1147,152,2023,8,NA,NA,NA,NA,NA,NA,NA,0,NA,-1147
2,72771,"Confused",947,613,947,613,2023,8,NA,NA,NA,NA,NA,NA,NA,0,NA,-947
2,72774,"WinningTeam",942,619,942,619,2023,8,NA,NA,NA,NA,NA,NA,NA,0,NA,-942
2,72775,"Never ending story",1093,305,1093,305,2023,8,NA,NA,NA,NA,NA,NA,NA,0,NA,-1093
2,72777,"Eumans Tigresses",950,608,950,608,2023,8,NA,NA,NA,NA,NA,NA,NA,0,NA,-950
2,72778,"AFLW - My Team",970,593,970,593,2023,8,NA,NA,NA,NA,NA,NA,NA,0,NA,-970
2,72779,"Calluminati",1053,416,1053,416,2023,8,NA,NA,NA,NA,NA,NA,NA,0,NA,-1053
2,72782,"Hangar 18",1100,283,1100,283,2023,8,NA,NA,NA,NA,NA,NA,NA,0,NA,-1100
2,72783,"Not Sure",1062,397,1062,397,2023,8,NA,NA,NA,NA,NA,NA,NA,0,NA,-1062
2,72785,"Cool Runnings",1019,495,1019,495,2023,8,NA,NA,NA,NA,NA,NA,NA,0,NA,-1019
2,72786,"Team Flowers$3",1101,280,1101,280,2023,8,NA,NA,NA,NA,NA,NA,NA,0,NA,-1101
2,72787,"Poison",937,624,937,624,2023,8,NA,NA,NA,NA,NA,NA,NA,0,NA,-937
2,72788,"Get On Ya Bike United ",874,663,874,663,2023,8,NA,NA,NA,NA,NA,NA,NA,0,NA,-874
2,72789,"Green Eggs and Montana Ham",1253,16,1253,16,2023,8,NA,NA,NA,NA,NA,NA,NA,0,NA,-1253
2,72790,"enzed01",1139,167,1139,167,2023,8,NA,NA,NA,NA,NA,NA,NA,0,NA,-1139
2,72791,"Farnie's Fanatics",1106,255,1106,255,2023,8,NA,NA,NA,NA,NA,NA,NA,0,NA,-1106
2,72792,"Mighty Goats",946,615,946,615,2023,8,NA,NA,NA,NA,NA,NA,NA,0,NA,-946
2,72793,"Fair Dinkums",1002,535,1002,535,2023,8,NA,NA,NA,NA,NA,NA,NA,0,NA,-1002
2,72794,"Alec's Assassins ",1209,50,1209,50,2023,8,NA,NA,NA,NA,NA,NA,NA,0,NA,-1209
2,72800,"Mollys girls",807,696,807,696,2023,8,NA,NA,NA,NA,NA,NA,NA,0,NA,-807
2,72801,"Ramas rebels",1148,150,1148,150,2023,8,NA,NA,NA,NA,NA,NA,NA,0,NA,-1148
2,72802,"Stevosnodevo",988,565,988,565,2023,8,NA,NA,NA,NA,NA,NA,NA,0,NA,-988
2,72805,"Fiona’s Footballers ",853,673,853,673,2023,8,NA,NA,NA,NA,NA,NA,NA,0,NA,-853
2,72807,"TheNealeDeal",1289,3,1289,3,2023,8,NA,NA,NA,NA,NA,NA,NA,0,NA,-1289
2,72808,"% Boosters",1250,18,1250,18,2023,8,NA,NA,NA,NA,NA,NA,NA,0,NA,-1250
2,72810,"The Tilly Lucas Godds",1042,453,1042,453,2023,8,NA,NA,NA,NA,NA,NA,NA,0,NA,-1042
2,72811,"The Boxers",978,583,978,583,2023,8,NA,NA,NA,NA,NA,NA,NA,0,NA,-978
2,72814,"SHADELOVERS",991,561,991,561,2023,8,NA,NA,NA,NA,NA,NA,NA,0,NA,-991
2,72816,"The Currawongs",937,624,937,624,2023,8,NA,NA,NA,NA,NA,NA,NA,0,NA,-937
2,72817,"Sholl Patrol",983,575,983,575,2023,8,NA,NA,NA,NA,NA,NA,NA,0,NA,-983
2,72819,"Wils Superstars!",835,684,835,684,2023,8,NA,NA,NA,NA,NA,NA,NA,0,NA,-835
2,72820,"WCC",1023,484,1023,484,2023,8,NA,NA,NA,NA,NA,NA,NA,0,NA,-1023
2,72824,"Team lethal",1196,73,1196,73,2023,8,NA,NA,NA,NA,NA,NA,NA,0,NA,-1196
2,72825,"Deeman the Sea Man",1135,182,1135,182,2023,8,NA,NA,NA,NA,NA,NA,NA,0,NA,-1135
2,72826,"Slightly Toogood",1046,442,1046,442,2023,8,NA,NA,NA,NA,NA,NA,NA,0,NA,-1046
2,72828,"ADELEAIDE gals",913,637,913,637,2023,8,NA,NA,NA,NA,NA,NA,NA,0,NA,-913
2,72829,"Thanks Basil",1170,114,1170,114,2023,8,NA,NA,NA,NA,NA,NA,NA,0,NA,-1170
2,72831,"Gumby Nutz",1051,427,1051,427,2023,8,NA,NA,NA,NA,NA,NA,NA,0,NA,-1051
2,72832,"The Skinners",1137,175,1137,175,2023,8,NA,NA,NA,NA,NA,NA,NA,0,NA,-1137
2,72833,"School of Rick",1087,321,1087,321,2023,8,NA,NA,NA,NA,NA,NA,NA,0,NA,-1087
2,72835,"Goodfellas",956,603,956,603,2023,8,NA,NA,NA,NA,NA,NA,NA,0,NA,-956
2,72837,"Monks' Mandem",1109,250,1109,250,2023,8,NA,NA,NA,NA,NA,NA,NA,0,NA,-1109
2,72838,"tobys team",865,667,865,667,2023,8,NA,NA,NA,NA,NA,NA,NA,0,NA,-865
2,72839,"Mark's United",993,557,993,557,2023,8,NA,NA,NA,NA,NA,NA,NA,0,NA,-993
2,72840,"Gee, Cain Maddie be Toogood?",811,691,811,691,2023,8,NA,NA,NA,NA,NA,NA,NA,0,NA,-811
2,72841,"The Ardenauts",1183,94,1183,94,2023,8,NA,NA,NA,NA,NA,NA,NA,0,NA,-1183
2,72842,"Oakao Park FC",1212,49,1212,49,2023,8,NA,NA,NA,NA,NA,NA,NA,0,NA,-1212
2,72843,"WestCoastDockers",1229,34,1229,34,2023,8,NA,NA,NA,NA,NA,NA,NA,0,NA,-1229
2,72844,"Split Kings",1218,41,1218,41,2023,8,NA,NA,NA,NA,NA,NA,NA,0,NA,-1218
2,72846,"CityofChurches",1116,232,1116,232,2023,8,NA,NA,NA,NA,NA,NA,NA,0,NA,-1116
2,72847,"Bails Prevails",1178,101,1178,101,2023,8,NA,NA,NA,NA,NA,NA,NA,0,NA,-1178
2,72848,"Figjam96",1069,372,1069,372,2023,8,NA,NA,NA,NA,NA,NA,NA,0,NA,-1069
2,72850,"Hyde Behind Closed Dawes",1201,63,1201,63,2023,8,NA,NA,NA,NA,NA,NA,NA,0,NA,-1201
2,72852,"Bashed Talyas",1107,252,1107,252,2023,8,NA,NA,NA,NA,NA,NA,NA,0,NA,-1107
2,72854,"The FLICKING CLINTS",999,543,999,543,2023,8,NA,NA,NA,NA,NA,NA,NA,0,NA,-999
2,72855,"Applebees",1123,213,1123,213,2023,8,NA,NA,NA,NA,NA,NA,NA,0,NA,-1123
2,72857,"Cash Scratch Fever",1028,475,1028,475,2023,8,NA,NA,NA,NA,NA,NA,NA,0,NA,-1028
2,72859,"No Fyfe No Life, Know Fyfe Know Life",1111,243,1111,243,2023,8,NA,NA,NA,NA,NA,NA,NA,0,NA,-1111
2,72861,"Bounding Booma’s",1080,345,1080,345,2023,8,NA,NA,NA,NA,NA,NA,NA,0,NA,-1080
2,72862,"athenamershee",999,543,999,543,2023,8,NA,NA,NA,NA,NA,NA,NA,0,NA,-999
2,72869,"Oliver's Winery",1163,125,1163,125,2023,8,NA,NA,NA,NA,NA,NA,NA,0,NA,-1163
2,72872,"Harto’s Heroes",897,652,897,652,2023,8,NA,NA,NA,NA,NA,NA,NA,0,NA,-897
2,72873,"Bumble 23",1270,12,1270,12,2023,8,NA,NA,NA,NA,NA,NA,NA,0,NA,-1270
2,72875,"GOAT Squad",1138,171,1138,171,2023,8,NA,NA,NA,NA,NA,NA,NA,0,NA,-1138
2,72878,"Kobys king",1180,97,1180,97,2023,8,NA,NA,NA,NA,NA,NA,NA,0,NA,-1180
2,72879,"Windog",1028,475,1028,475,2023,8,NA,NA,NA,NA,NA,NA,NA,0,NA,-1028
2,72880,"In the Van",1052,421,1052,421,2023,8,NA,NA,NA,NA,NA,NA,NA,0,NA,-1052
2,72881,"Kylies Winners",1007,526,1007,526,2023,8,NA,NA,NA,NA,NA,NA,NA,0,NA,-1007
2,72882,"Benji's Bashers",1280,7,1280,7,2023,8,NA,NA,NA,NA,NA,NA,NA,0,NA,-1280
2,72883,"Chums GUNS",1143,161,1143,161,2023,8,NA,NA,NA,NA,NA,NA,NA,0,NA,-1143
2,72884,"Hammertime",1074,360,1074,360,2023,8,NA,NA,NA,NA,NA,NA,NA,0,NA,-1074
2,72885,"The Great White Hulk",1012,516,1012,516,2023,8,NA,NA,NA,NA,NA,NA,NA,0,NA,-1012
2,72887,"Dunkeys Donuts",1103,274,1103,274,2023,8,NA,NA,NA,NA,NA,NA,NA,0,NA,-1103
2,72889,"The Goo Goo dolls",1069,372,1069,372,2023,8,NA,NA,NA,NA,NA,NA,NA,0,NA,-1069
2,72890,"Chades Charades",1066,382,1066,382,2023,8,NA,NA,NA,NA,NA,NA,NA,0,NA,-1066
2,72891,"Oopys sll sorts",1190,80,1190,80,2023,8,NA,NA,NA,NA,NA,NA,NA,0,NA,-1190
2,72892,"My Girl's ",773,701,773,701,2023,8,NA,NA,NA,NA,NA,NA,NA,0,NA,-773
2,72893,"Bags for Bohanna",1088,320,1088,320,2023,8,NA,NA,NA,NA,NA,NA,NA,0,NA,-1088
2,72894,"Whyte Lightning",1073,363,1073,363,2023,8,NA,NA,NA,NA,NA,NA,NA,0,NA,-1073
2,72895,"Fento's Ferals ",962,601,962,601,2023,8,NA,NA,NA,NA,NA,NA,NA,0,NA,-962
2,72896,"Mummy McNamara",1089,314,1089,314,2023,8,NA,NA,NA,NA,NA,NA,NA,0,NA,-1089
2,72897,"rhys' lady rhinoceros",1144,156,1144,156,2023,8,NA,NA,NA,NA,NA,NA,NA,0,NA,-1144
2,72900,"Halftime Oranges",1207,52,1207,52,2023,8,NA,NA,NA,NA,NA,NA,NA,0,NA,-1207
2,72901,"Leboingaboing",973,589,973,589,2023,8,NA,NA,NA,NA,NA,NA,NA,0,NA,-973
2,72902,"Bomaroos",1117,229,1117,229,2023,8,NA,NA,NA,NA,NA,NA,NA,0,NA,-1117
2,72904,"Bowers Batch",1178,101,1178,101,2023,8,NA,NA,NA,NA,NA,NA,NA,0,NA,-1178
2,72905,"Cousins Chargers",1161,127,1161,127,2023,8,NA,NA,NA,NA,NA,NA,NA,0,NA,-1161
2,72906,"Laingy's Legends ",848,677,848,677,2023,8,NA,NA,NA,NA,NA,NA,NA,0,NA,-848
2,72907,"South Aussie with Gozzi",964,599,964,599,2023,8,NA,NA,NA,NA,NA,NA,NA,0,NA,-964
2,72909,"Hat Chasers XXI",1084,333,1084,333,2023,8,NA,NA,NA,NA,NA,NA,NA,0,NA,-1084
2,72911,"MealdaLand",1012,516,1012,516,2023,8,NA,NA,NA,NA,NA,NA,NA,0,NA,-1012
2,72913,"Dingo Bill",1144,156,1144,156,2023,8,NA,NA,NA,NA,NA,NA,NA,0,NA,-1144
2,72914,"Gina Goes Huge",1094,300,1094,300,2023,8,NA,NA,NA,NA,NA,NA,NA,0,NA,-1094
2,72916,"The Mighty Quinn",1139,167,1139,167,2023,8,NA,NA,NA,NA,NA,NA,NA,0,NA,-1139
2,72917,"Golden Fists",1110,247,1110,247,2023,8,NA,NA,NA,NA,NA,NA,NA,0,NA,-1110
2,72919,"Bring Back the Droppie",1060,403,1060,403,2023,8,NA,NA,NA,NA,NA,NA,NA,0,NA,-1060
2,72920,"KickUpTheGrass",1119,224,1119,224,2023,8,NA,NA,NA,NA,NA,NA,NA,0,NA,-1119
2,72921,"Foz’s Fullers",1054,414,1054,414,2023,8,NA,NA,NA,NA,NA,NA,NA,0,NA,-1054
2,72922,"ONYA COBBA",1034,467,1034,467,2023,8,NA,NA,NA,NA,NA,NA,NA,0,NA,-1034
2,72923,"thats what she saad",913,637,913,637,2023,8,NA,NA,NA,NA,NA,NA,NA,0,NA,-913
2,72925,"Luck's a Lady",1031,472,1031,472,2023,8,NA,NA,NA,NA,NA,NA,NA,0,NA,-1031
2,72927,"The A-Team",1053,416,1053,416,2023,8,NA,NA,NA,NA,NA,NA,NA,0,NA,-1053
2,72928,"WillyBHardigan",872,664,872,664,2023,8,NA,NA,NA,NA,NA,NA,NA,0,NA,-872
2,72929,"Tobleroney",1198,68,1198,68,2023,8,NA,NA,NA,NA,NA,NA,NA,0,NA,-1198
2,72930,"whitneys weapons",1105,261,1105,261,2023,8,NA,NA,NA,NA,NA,NA,NA,0,NA,-1105
2,72931,"Lachdons",1097,293,1097,293,2023,8,NA,NA,NA,NA,NA,NA,NA,0,NA,-1097
2,72934,"Early Crow ",996,549,996,549,2023,8,NA,NA,NA,NA,NA,NA,NA,0,NA,-996
2,72935,"Marinoff & Racing",1087,321,1087,321,2023,8,NA,NA,NA,NA,NA,NA,NA,0,NA,-1087
2,72936,"Bionic Griff",1131,192,1131,192,2023,8,NA,NA,NA,NA,NA,NA,NA,0,NA,-1131
2,72937,"Lyndon’s Losers",1106,255,1106,255,2023,8,NA,NA,NA,NA,NA,NA,NA,0,NA,-1106
2,72938,"SUNK LOTO",1037,463,1037,463,2023,8,NA,NA,NA,NA,NA,NA,NA,0,NA,-1037
2,72940,"March To Victory",951,606,951,606,2023,8,NA,NA,NA,NA,NA,NA,NA,0,NA,-951
2,72943,"oh errol i would do anything ",930,629,930,629,2023,8,NA,NA,NA,NA,NA,NA,NA,0,NA,-930
2,72944,"Garlos Guns",1061,401,1061,401,2023,8,NA,NA,NA,NA,NA,NA,NA,0,NA,-1061
2,72945,"Alwaysgetsem ",1072,366,1072,366,2023,8,NA,NA,NA,NA,NA,NA,NA,0,NA,-1072
2,72946,"Travs Tigers",861,669,861,669,2023,8,NA,NA,NA,NA,NA,NA,NA,0,NA,-861
2,72947,"Sandgropers",1020,492,1020,492,2023,8,NA,NA,NA,NA,NA,NA,NA,0,NA,-1020
2,72948,"Bdosbaggers",1024,482,1024,482,2023,8,NA,NA,NA,NA,NA,NA,NA,0,NA,-1024
2,72949,"West coast eagle",609,726,609,726,2023,8,NA,NA,NA,NA,NA,NA,NA,0,NA,-609
2,72952,"Rhookey",1122,217,1122,217,2023,8,NA,NA,NA,NA,NA,NA,NA,0,NA,-1122
2,72954,"Springfield Atoms",1118,227,1118,227,2023,8,NA,NA,NA,NA,NA,NA,NA,0,NA,-1118
2,72956,"Birdy's Bunch",1016,503,1016,503,2023,8,NA,NA,NA,NA,NA,NA,NA,0,NA,-1016
2,72959,"MMW Dave 2023",1115,236,1115,236,2023,8,NA,NA,NA,NA,NA,NA,NA,0,NA,-1115
2,72960,"Schleiching and Dicing",1118,227,1118,227,2023,8,NA,NA,NA,NA,NA,NA,NA,0,NA,-1118
2,72962,"Donuts Galore",1060,403,1060,403,2023,8,NA,NA,NA,NA,NA,NA,NA,0,NA,-1060
2,72965,"Pearce the veil",772,702,772,702,2023,8,NA,NA,NA,NA,NA,NA,NA,0,NA,-772
2,72966,"Venezuelan Poodle Moths",1086,325,1086,325,2023,8,NA,NA,NA,NA,NA,NA,NA,0,NA,-1086
2,72969,"maflofafus",1000,542,1000,542,2023,8,NA,NA,NA,NA,NA,NA,NA,0,NA,-1000
2,72970,"The Toddler",808,693,808,693,2023,8,NA,NA,NA,NA,NA,NA,NA,0,NA,-808
2,72971,"tiger supreme",1016,503,1016,503,2023,8,NA,NA,NA,NA,NA,NA,NA,0,NA,-1016
2,72973,"Hawks23",1089,314,1089,314,2023,8,NA,NA,NA,NA,NA,NA,NA,0,NA,-1089
2,72974,"Gpalmtastics",1161,127,1161,127,2023,8,NA,NA,NA,NA,NA,NA,NA,0,NA,-1161
2,72976,"Gleishy",1092,308,1092,308,2023,8,NA,NA,NA,NA,NA,NA,NA,0,NA,-1092
2,72977,"Gorringes & Lemmens",1151,144,1151,144,2023,8,NA,NA,NA,NA,NA,NA,NA,0,NA,-1151
2,72978,"The Muffinettes",1170,114,1170,114,2023,8,NA,NA,NA,NA,NA,NA,NA,0,NA,-1170
2,72980,"Frump Truckers",987,566,987,566,2023,8,NA,NA,NA,NA,NA,NA,NA,0,NA,-987
2,72981,"MMW Adam 2023",920,634,920,634,2023,8,NA,NA,NA,NA,NA,NA,NA,0,NA,-920
2,72982,"The Riddeller",1185,91,1185,91,2023,8,NA,NA,NA,NA,NA,NA,NA,0,NA,-1185
2,72983,"Timbos Toogood",1116,232,1116,232,2023,8,NA,NA,NA,NA,NA,NA,NA,0,NA,-1116
2,72985,"A Conti Practice",1044,448,1044,448,2023,8,NA,NA,NA,NA,NA,NA,NA,0,NA,-1044
2,72986,"Boomslangs",1090,311,1090,311,2023,8,NA,NA,NA,NA,NA,NA,NA,0,NA,-1090
2,72987,"Son of WP",1033,469,1033,469,2023,8,NA,NA,NA,NA,NA,NA,NA,0,NA,-1033
2,72988,"Batesian Evolution",950,608,950,608,2023,8,NA,NA,NA,NA,NA,NA,NA,0,NA,-950
2,72990,"Mountain Goats",1012,516,1012,516,2023,8,NA,NA,NA,NA,NA,NA,NA,0,NA,-1012
2,72991,"Benchwarmers",1052,421,1052,421,2023,8,NA,NA,NA,NA,NA,NA,NA,0,NA,-1052
2,72992,"Badger FC",1051,427,1051,427,2023,8,NA,NA,NA,NA,NA,NA,NA,0,NA,-1051
2,72993,"FrostyRivers",1027,478,1027,478,2023,8,NA,NA,NA,NA,NA,NA,NA,0,NA,-1027
2,72994,"DEEGEE",1001,538,1001,538,2023,8,NA,NA,NA,NA,NA,NA,NA,0,NA,-1001
2,72995,"Thunder FFC",994,556,994,556,2023,8,NA,NA,NA,NA,NA,NA,NA,0,NA,-994
2,72996,"Thrillerz",1094,300,1094,300,2023,8,NA,NA,NA,NA,NA,NA,NA,0,NA,-1094
2,72997,"Ykickamoocow ",1073,363,1073,363,2023,8,NA,NA,NA,NA,NA,NA,NA,0,NA,-1073
2,72999,"Greek Salad",1047,436,1047,436,2023,8,NA,NA,NA,NA,NA,NA,NA,0,NA,-1047
2,73000,"Geezers",1006,530,1006,530,2023,8,NA,NA,NA,NA,NA,NA,NA,0,NA,-1006
2,73001,"Craigoals",855,671,855,671,2023,8,NA,NA,NA,NA,NA,NA,NA,0,NA,-855
2,73002,"No Imagination",1173,111,1173,111,2023,8,NA,NA,NA,NA,NA,NA,NA,0,NA,-1173
2,73004,"Mediocre mediocrity",1105,261,1105,261,2023,8,NA,NA,NA,NA,NA,NA,NA,0,NA,-1105
2,73005,"Tootles",1045,444,1045,444,2023,8,NA,NA,NA,NA,NA,NA,NA,0,NA,-1045
2,73006,"The Courtney's",1098,289,1098,289,2023,8,NA,NA,NA,NA,NA,NA,NA,0,NA,-1098
2,73007,"She-Wolves of the West",1108,251,1108,251,2023,8,NA,NA,NA,NA,NA,NA,NA,0,NA,-1108
2,73008,"Coach Clampa",1093,305,1093,305,2023,8,NA,NA,NA,NA,NA,NA,NA,0,NA,-1093
2,73012,"Boydos Best",1132,188,1132,188,2023,8,NA,NA,NA,NA,NA,NA,NA,0,NA,-1132
2,73013,"Berwick Drop Bears",880,662,880,662,2023,8,NA,NA,NA,NA,NA,NA,NA,0,NA,-880
2,73018,"Porters Lions",979,581,979,581,2023,8,NA,NA,NA,NA,NA,NA,NA,0,NA,-979
2,73021,"Goonawarradon",1095,297,1095,297,2023,8,NA,NA,NA,NA,NA,NA,NA,0,NA,-1095
2,73027,"Cadee’s Crew",1192,76,1192,76,2023,8,NA,NA,NA,NA,NA,NA,NA,0,NA,-1192
2,73032,"TOP SPOT",999,543,999,543,2023,8,NA,NA,NA,NA,NA,NA,NA,0,NA,-999
2,73035,"Wowhekickedalongbomb",1184,92,1184,92,2023,8,NA,NA,NA,NA,NA,NA,NA,0,NA,-1184
2,73036,"ReGreta",1004,533,1004,533,2023,8,NA,NA,NA,NA,NA,NA,NA,0,NA,-1004
2,73037,"Stoney's Spuds",1089,314,1089,314,2023,8,NA,NA,NA,NA,NA,NA,NA,0,NA,-1089
2,73038,"Underwonders",1239,27,1239,27,2023,8,NA,NA,NA,NA,NA,NA,NA,0,NA,-1239
2,73040,"GollysGoats",1165,120,1165,120,2023,8,NA,NA,NA,NA,NA,NA,NA,0,NA,-1165
2,73041,"SaintOrrSinner",1021,488,1021,488,2023,8,NA,NA,NA,NA,NA,NA,NA,0,NA,-1021
2,73042,"Marry me Marinoff",1172,112,1172,112,2023,8,NA,NA,NA,NA,NA,NA,NA,0,NA,-1172
2,73044,"Footasy",1056,411,1056,411,2023,8,NA,NA,NA,NA,NA,NA,NA,0,NA,-1056
2,73045,"Schleichenhausen",996,549,996,549,2023,8,NA,NA,NA,NA,NA,NA,NA,0,NA,-996
2,73047,"THUNDER",1066,382,1066,382,2023,8,NA,NA,NA,NA,NA,NA,NA,0,NA,-1066
2,73051,"Billy Bass",1079,348,1079,348,2023,8,NA,NA,NA,NA,NA,NA,NA,0,NA,-1079
2,73052,"Tigers",1180,97,1180,97,2023,8,NA,NA,NA,NA,NA,NA,NA,0,NA,-1180
2,73053,"The Bucknors ",1233,32,1233,32,2023,8,NA,NA,NA,NA,NA,NA,NA,0,NA,-1233
2,73054,"Jordan’s Panthers",1140,165,1140,165,2023,8,NA,NA,NA,NA,NA,NA,NA,0,NA,-1140
2,73055,"GhostMonkey",1152,141,1152,141,2023,8,NA,NA,NA,NA,NA,NA,NA,0,NA,-1152
2,73057,"pdj",983,575,983,575,2023,8,NA,NA,NA,NA,NA,NA,NA,0,NA,-983
2,73059,"Nelso's Ninjas",1138,171,1138,171,2023,8,NA,NA,NA,NA,NA,NA,NA,0,NA,-1138
2,73061,"NonHoSoldo",976,585,976,585,2023,8,NA,NA,NA,NA,NA,NA,NA,0,NA,-976
2,73062,"Serky",1127,203,1127,203,2023,8,NA,NA,NA,NA,NA,NA,NA,0,NA,-1127
2,73064,"PandanPrincess",1104,266,1104,266,2023,8,NA,NA,NA,NA,NA,NA,NA,0,NA,-1104
2,73065,"Coburg Lions",1007,526,1007,526,2023,8,NA,NA,NA,NA,NA,NA,NA,0,NA,-1007
2,73067,"Fabs Swannies",949,610,949,610,2023,8,NA,NA,NA,NA,NA,NA,NA,0,NA,-949
2,73068,"Calvin Harris The Girls",1081,341,1081,341,2023,8,NA,NA,NA,NA,NA,NA,NA,0,NA,-1081
2,73073,"Show us ya tips",1080,345,1080,345,2023,8,NA,NA,NA,NA,NA,NA,NA,0,NA,-1080
2,73075,"All for Zones and Zones for All",1021,488,1021,488,2023,8,NA,NA,NA,NA,NA,NA,NA,0,NA,-1021
2,73076,"Mongolettes",1081,341,1081,341,2023,8,NA,NA,NA,NA,NA,NA,NA,0,NA,-1081
2,73077,"Usual Suspects",1016,503,1016,503,2023,8,NA,NA,NA,NA,NA,NA,NA,0,NA,-1016
2,73079,"The LoneWolf ",947,613,947,613,2023,8,NA,NA,NA,NA,NA,NA,NA,0,NA,-947
2,73080,"Five Valleys AFLW",926,631,926,631,2023,8,NA,NA,NA,NA,NA,NA,NA,0,NA,-926
2,73081,"Sweet Chilli",986,570,986,570,2023,8,NA,NA,NA,NA,NA,NA,NA,0,NA,-986
2,73082,"HungryHeracross",940,622,940,622,2023,8,NA,NA,NA,NA,NA,NA,NA,0,NA,-940
2,73083,"Mag Magic",996,549,996,549,2023,8,NA,NA,NA,NA,NA,NA,NA,0,NA,-996
2,73084,"Georgias Goddesses",942,619,942,619,2023,8,NA,NA,NA,NA,NA,NA,NA,0,NA,-942
2,73085,"Blues",1070,370,1070,370,2023,8,NA,NA,NA,NA,NA,NA,NA,0,NA,-1070
2,73086,"Peanut Gallery",996,549,996,549,2023,8,NA,NA,NA,NA,NA,NA,NA,0,NA,-996
2,73087,"Mimic Leather Jacket",1040,456,1040,456,2023,8,NA,NA,NA,NA,NA,NA,NA,0,NA,-1040
2,73088,"NCA",784,700,784,700,2023,8,NA,NA,NA,NA,NA,NA,NA,0,NA,-784
2,73089,"Sticky's Stars",808,693,808,693,2023,8,NA,NA,NA,NA,NA,NA,NA,0,NA,-808
2,73093,"Garner's Gallivanters",1202,61,1202,61,2023,8,NA,NA,NA,NA,NA,NA,NA,0,NA,-1202
2,73095,"PC Demons",1066,382,1066,382,2023,8,NA,NA,NA,NA,NA,NA,NA,0,NA,-1066
2,73096,"MC's Hammers",1195,75,1195,75,2023,8,NA,NA,NA,NA,NA,NA,NA,0,NA,-1195
2,73097,"Leopold’s Leopards",1137,175,1137,175,2023,8,NA,NA,NA,NA,NA,NA,NA,0,NA,-1137
2,73098,"Mcpie’s Madness",1191,78,1191,78,2023,8,NA,NA,NA,NA,NA,NA,NA,0,NA,-1191
2,73099,"Jimmy's Donuts",1002,535,1002,535,2023,8,NA,NA,NA,NA,NA,NA,NA,0,NA,-1002
2,73101,"Bee Toogood",1130,196,1130,196,2023,8,NA,NA,NA,NA,NA,NA,NA,0,NA,-1130
2,73102,"Hoff n Spicy",1077,353,1077,353,2023,8,NA,NA,NA,NA,NA,NA,NA,0,NA,-1077
2,73103,"Peroni Virus ",1240,25,1240,25,2023,8,NA,NA,NA,NA,NA,NA,NA,0,NA,-1240
2,73105,"The Biggest Losers",1056,411,1056,411,2023,8,NA,NA,NA,NA,NA,NA,NA,0,NA,-1056
2,73107,"Bartles Bandits",949,610,949,610,2023,8,NA,NA,NA,NA,NA,NA,NA,0,NA,-949
2,73109,"Angels",1033,469,1033,469,2023,8,NA,NA,NA,NA,NA,NA,NA,0,NA,-1033
2,73110,"Let the bodies hit the Fleur",1137,175,1137,175,2023,8,NA,NA,NA,NA,NA,NA,NA,0,NA,-1137
2,73113,"Pressure Point",1078,349,1078,349,2023,8,NA,NA,NA,NA,NA,NA,NA,0,NA,-1078
2,73115,"Richalto",1217,43,1217,43,2023,8,NA,NA,NA,NA,NA,NA,NA,0,NA,-1217
2,73116,"Ponter Difference",1072,366,1072,366,2023,8,NA,NA,NA,NA,NA,NA,NA,0,NA,-1072
2,73117,"QV Express",1034,467,1034,467,2023,8,NA,NA,NA,NA,NA,NA,NA,0,NA,-1034
2,73118,"Abe Froman",1071,368,1071,368,2023,8,NA,NA,NA,NA,NA,NA,NA,0,NA,-1071
2,73119,"Richenturd",1020,492,1020,492,2023,8,NA,NA,NA,NA,NA,NA,NA,0,NA,-1020
2,73120,"GIRL POWER",891,656,891,656,2023,8,NA,NA,NA,NA,NA,NA,NA,0,NA,-891
2,73121,"Tackle for the win",987,566,987,566,2023,8,NA,NA,NA,NA,NA,NA,NA,0,NA,-987
2,73124,"anthak",842,680,842,680,2023,8,NA,NA,NA,NA,NA,NA,NA,0,NA,-842
2,73125,"Robbercrab72 ",1137,175,1137,175,2023,8,NA,NA,NA,NA,NA,NA,NA,0,NA,-1137
2,73126,"Gils glamour's ",941,621,941,621,2023,8,NA,NA,NA,NA,NA,NA,NA,0,NA,-941
2,73127,"Ridley United",1116,232,1116,232,2023,8,NA,NA,NA,NA,NA,NA,NA,0,NA,-1116
2,73129,"Clackers Crackers",949,610,949,610,2023,8,NA,NA,NA,NA,NA,NA,NA,0,NA,-949
2,73134,"the black widows",1073,363,1073,363,2023,8,NA,NA,NA,NA,NA,NA,NA,0,NA,-1073
2,73136,"Grit and Grind ",1208,51,1208,51,2023,8,NA,NA,NA,NA,NA,NA,NA,0,NA,-1208
2,73139,"PureLesbos",846,679,846,679,2023,8,NA,NA,NA,NA,NA,NA,NA,0,NA,-846
2,73140,"Azzy's Magic",1156,134,1156,134,2023,8,NA,NA,NA,NA,NA,NA,NA,0,NA,-1156
2,73141,"TGLG",748,706,748,706,2023,8,NA,NA,NA,NA,NA,NA,NA,0,NA,-748
2,73143,"Allaway To The Top",1083,337,1083,337,2023,8,NA,NA,NA,NA,NA,NA,NA,0,NA,-1083
2,73144,"Conti Jail",1028,475,1028,475,2023,8,NA,NA,NA,NA,NA,NA,NA,0,NA,-1028
2,73145,"MegaJupiter",1135,182,1135,182,2023,8,NA,NA,NA,NA,NA,NA,NA,0,NA,-1135
2,73146,"CONTInue to win",1130,196,1130,196,2023,8,NA,NA,NA,NA,NA,NA,NA,0,NA,-1130
2,73147,"Ahoy Molloy",1089,314,1089,314,2023,8,NA,NA,NA,NA,NA,NA,NA,0,NA,-1089
2,73150,"Brownys Brilliant",1143,161,1143,161,2023,8,NA,NA,NA,NA,NA,NA,NA,0,NA,-1143
2,73151,"Footyball",1078,349,1078,349,2023,8,NA,NA,NA,NA,NA,NA,NA,0,NA,-1078
2,73152,"Rottnest Quokkas",1069,372,1069,372,2023,8,NA,NA,NA,NA,NA,NA,NA,0,NA,-1069
2,73153,"Scruffys",905,642,905,642,2023,8,NA,NA,NA,NA,NA,NA,NA,0,NA,-905
2,73154,"Baskaran In The Sun",1286,4,1286,4,2023,8,NA,NA,NA,NA,NA,NA,NA,0,NA,-1286
2,73155,"xinisterx",1125,208,1125,208,2023,8,NA,NA,NA,NA,NA,NA,NA,0,NA,-1125
2,73156,"Stand and delibba",1092,308,1092,308,2023,8,NA,NA,NA,NA,NA,NA,NA,0,NA,-1092
2,73157,"Turbo Bowers Flowers",1344,1,1344,1,2023,8,NA,NA,NA,NA,NA,NA,NA,0,NA,-1344
2,73159,"What is ball",1085,328,1085,328,2023,8,NA,NA,NA,NA,NA,NA,NA,0,NA,-1085
2,73160,"GOGOgadgetarms",1082,339,1082,339,2023,8,NA,NA,NA,NA,NA,NA,NA,0,NA,-1082
2,73161,"Dylucasboys",1204,55,1204,55,2023,8,NA,NA,NA,NA,NA,NA,NA,0,NA,-1204
2,73162,"RMC Rookies",993,557,993,557,2023,8,NA,NA,NA,NA,NA,NA,NA,0,NA,-993
2,73163,"Stuff of mithen legends",1064,394,1064,394,2023,8,NA,NA,NA,NA,NA,NA,NA,0,NA,-1064
2,73164,"Ginbey and Tonic",1104,266,1104,266,2023,8,NA,NA,NA,NA,NA,NA,NA,0,NA,-1104
2,73165,"Collective Mids",1218,41,1218,41,2023,8,NA,NA,NA,NA,NA,NA,NA,0,NA,-1218
2,73167,"Team Name",1166,119,1166,119,2023,8,NA,NA,NA,NA,NA,NA,NA,0,NA,-1166
2,73168,"Jake’s 22",937,624,937,624,2023,8,NA,NA,NA,NA,NA,NA,NA,0,NA,-937
2,73169,"No More Parties in SA",1070,370,1070,370,2023,8,NA,NA,NA,NA,NA,NA,NA,0,NA,-1070
2,73170,"Dirty Echidnas",1056,411,1056,411,2023,8,NA,NA,NA,NA,NA,NA,NA,0,NA,-1056
2,73171,"Shadeau of a Doubt",1152,141,1152,141,2023,8,NA,NA,NA,NA,NA,NA,NA,0,NA,-1152
2,73172,"Montana Wildhack",1172,112,1172,112,2023,8,NA,NA,NA,NA,NA,NA,NA,0,NA,-1172
2,73173,"Apex Predators",1132,188,1132,188,2023,8,NA,NA,NA,NA,NA,NA,NA,0,NA,-1132
2,73174,"baxter2",1007,526,1007,526,2023,8,NA,NA,NA,NA,NA,NA,NA,0,NA,-1007
2,73175,"Ezy Duz It",1144,156,1144,156,2023,8,NA,NA,NA,NA,NA,NA,NA,0,NA,-1144
2,73176,"Kokgirls",1252,17,1252,17,2023,8,NA,NA,NA,NA,NA,NA,NA,0,NA,-1252
2,73177,"Scuba's Saints",1131,192,1131,192,2023,8,NA,NA,NA,NA,NA,NA,NA,0,NA,-1131
2,73178,"Gee Nation ",974,587,974,587,2023,8,NA,NA,NA,NA,NA,NA,NA,0,NA,-974
2,73179,"Polly branches out",1036,464,1036,464,2023,8,NA,NA,NA,NA,NA,NA,NA,0,NA,-1036
2,73180,"Forest Hill Devils",1045,444,1045,444,2023,8,NA,NA,NA,NA,NA,NA,NA,0,NA,-1045
2,73181,"SinBinScreamers",980,580,980,580,2023,8,NA,NA,NA,NA,NA,NA,NA,0,NA,-980
2,73184,"Houghton's Heroes",1099,285,1099,285,2023,8,NA,NA,NA,NA,NA,NA,NA,0,NA,-1099
2,73185,"Lost Cause",1103,274,1103,274,2023,8,NA,NA,NA,NA,NA,NA,NA,0,NA,-1103
2,73186,"remembered2wipe",1149,148,1149,148,2023,8,NA,NA,NA,NA,NA,NA,NA,0,NA,-1149
2,73187,"I Have No Idea",1047,436,1047,436,2023,8,NA,NA,NA,NA,NA,NA,NA,0,NA,-1047
2,73188,"Rick Harrison ",1187,87,1187,87,2023,8,NA,NA,NA,NA,NA,NA,NA,0,NA,-1187
2,73191,"Cunning CyberW",1085,328,1085,328,2023,8,NA,NA,NA,NA,NA,NA,NA,0,NA,-1085
2,73192,"Killer Wales",1278,9,1278,9,2023,8,NA,NA,NA,NA,NA,NA,NA,0,NA,-1278
2,73193,"MMW Gmail 2023",992,560,992,560,2023,8,NA,NA,NA,NA,NA,NA,NA,0,NA,-992
2,73194,"Back to Back Dees",986,570,986,570,2023,8,NA,NA,NA,NA,NA,NA,NA,0,NA,-986
2,73196,"Websters warriors",1196,73,1196,73,2023,8,NA,NA,NA,NA,NA,NA,NA,0,NA,-1196
2,73198,"4cAbel",1102,277,1102,277,2023,8,NA,NA,NA,NA,NA,NA,NA,0,NA,-1102
2,73199,"Lekdog's Puppies",1066,382,1066,382,2023,8,NA,NA,NA,NA,NA,NA,NA,0,NA,-1066
2,73200,"Freo Frogs",972,592,972,592,2023,8,NA,NA,NA,NA,NA,NA,NA,0,NA,-972
2,73201,"Ashton’s Turners",1152,141,1152,141,2023,8,NA,NA,NA,NA,NA,NA,NA,0,NA,-1152
2,73202,"Rashford",1065,389,1065,389,2023,8,NA,NA,NA,NA,NA,NA,NA,0,NA,-1065
2,73203,"Fevola Footy Factory",1280,7,1280,7,2023,8,NA,NA,NA,NA,NA,NA,NA,0,NA,-1280
2,73204,"Whatevs",1066,382,1066,382,2023,8,NA,NA,NA,NA,NA,NA,NA,0,NA,-1066
2,73205,"Konflict Krew",1136,180,1136,180,2023,8,NA,NA,NA,NA,NA,NA,NA,0,NA,-1136
2,73206,"Eloise Jones and the Kingdom of the Krstel Skull",1137,175,1137,175,2023,8,NA,NA,NA,NA,NA,NA,NA,0,NA,-1137
2,73207,"Revenge of the Finned",1094,300,1094,300,2023,8,NA,NA,NA,NA,NA,NA,NA,0,NA,-1094
2,73208,"Consistently Average",1009,521,1009,521,2023,8,NA,NA,NA,NA,NA,NA,NA,0,NA,-1009
2,73209,"SpanishArmada",1069,372,1069,372,2023,8,NA,NA,NA,NA,NA,NA,NA,0,NA,-1069
2,73211,"Pax-Man",1053,416,1053,416,2023,8,NA,NA,NA,NA,NA,NA,NA,0,NA,-1053
2,73212,"The Phill Inns",987,566,987,566,2023,8,NA,NA,NA,NA,NA,NA,NA,0,NA,-987
2,73213,"canyoufeeltheheath ",968,595,968,595,2023,8,NA,NA,NA,NA,NA,NA,NA,0,NA,-968
2,73214,"SkulletJohansson",1136,180,1136,180,2023,8,NA,NA,NA,NA,NA,NA,NA,0,NA,-1136
2,73215,"TheKDawg ",1025,480,1025,480,2023,8,NA,NA,NA,NA,NA,NA,NA,0,NA,-1025
2,73216,"The Delochinators",1107,252,1107,252,2023,8,NA,NA,NA,NA,NA,NA,NA,0,NA,-1107
2,73217,"Pullar Nother One",1090,311,1090,311,2023,8,NA,NA,NA,NA,NA,NA,NA,0,NA,-1090
2,73218,"Big Al's Broncos",1104,266,1104,266,2023,8,NA,NA,NA,NA,NA,NA,NA,0,NA,-1104
2,73219,"Deadeyes",830,688,830,688,2023,8,NA,NA,NA,NA,NA,NA,NA,0,NA,-830
2,73220,"yeah nah 100 percent",857,670,857,670,2023,8,NA,NA,NA,NA,NA,NA,NA,0,NA,-857
2,73221,"LockeSmith",1138,171,1138,171,2023,8,NA,NA,NA,NA,NA,NA,NA,0,NA,-1138
2,73222,"Roux Fast Roux Furious",1052,421,1052,421,2023,8,NA,NA,NA,NA,NA,NA,NA,0,NA,-1052
2,73225,"Bolters",1275,10,1275,10,2023,8,NA,NA,NA,NA,NA,NA,NA,0,NA,-1275
2,73226,"Winging it",1157,132,1157,132,2023,8,NA,NA,NA,NA,NA,NA,NA,0,NA,-1157
2,73228,"Garner Win It All",1080,345,1080,345,2023,8,NA,NA,NA,NA,NA,NA,NA,0,NA,-1080
2,73230,"MMW HPE 2023",1075,358,1075,358,2023,8,NA,NA,NA,NA,NA,NA,NA,0,NA,-1075
2,73231,"W for WO",1124,212,1124,212,2023,8,NA,NA,NA,NA,NA,NA,NA,0,NA,-1124
2,73232,"No idea",1144,156,1144,156,2023,8,NA,NA,NA,NA,NA,NA,NA,0,NA,-1144
2,73233,"Squadron",1141,163,1141,163,2023,8,NA,NA,NA,NA,NA,NA,NA,0,NA,-1141
2,73235,"Embo’s Bats",1076,355,1076,355,2023,8,NA,NA,NA,NA,NA,NA,NA,0,NA,-1076
2,73236,"Long Sleeve Energy",1155,136,1155,136,2023,8,NA,NA,NA,NA,NA,NA,NA,0,NA,-1155
2,73237,"Rockyroad",1044,448,1044,448,2023,8,NA,NA,NA,NA,NA,NA,NA,0,NA,-1044
2,73238,"Obi Wan Kenobi Nil",979,581,979,581,2023,8,NA,NA,NA,NA,NA,NA,NA,0,NA,-979
2,73239,"Marko’s Champions",1122,217,1122,217,2023,8,NA,NA,NA,NA,NA,NA,NA,0,NA,-1122
2,73240,"Bruss18",1204,55,1204,55,2023,8,NA,NA,NA,NA,NA,NA,NA,0,NA,-1204
2,73241,"Ahhhhhhhhhhhhhhh TUHAKARAINA",1148,150,1148,150,2023,8,NA,NA,NA,NA,NA,NA,NA,0,NA,-1148
2,73243,"Imma Win",1041,455,1041,455,2023,8,NA,NA,NA,NA,NA,NA,NA,0,NA,-1041
2,73244,"Hoarders",1011,519,1011,519,2023,8,NA,NA,NA,NA,NA,NA,NA,0,NA,-1011
2,73245,"Strickos women",1016,503,1016,503,2023,8,NA,NA,NA,NA,NA,NA,NA,0,NA,-1016
2,73246,"Tenz Titans",1192,76,1192,76,2023,8,NA,NA,NA,NA,NA,NA,NA,0,NA,-1192
2,73247,"Cheongy's Cheapies",1183,94,1183,94,2023,8,NA,NA,NA,NA,NA,NA,NA,0,NA,-1183
2,73248,"The boggs show",1247,22,1247,22,2023,8,NA,NA,NA,NA,NA,NA,NA,0,NA,-1247
2,73249,"Six Pack of Jack",975,586,975,586,2023,8,NA,NA,NA,NA,NA,NA,NA,0,NA,-975
2,73250,"MoneyBallz",1050,431,1050,431,2023,8,NA,NA,NA,NA,NA,NA,NA,0,NA,-1050
2,73252,"Shanksys Skanks",1016,503,1016,503,2023,8,NA,NA,NA,NA,NA,NA,NA,0,NA,-1016
2,73253,"Mecca",1010,520,1010,520,2023,8,NA,NA,NA,NA,NA,NA,NA,0,NA,-1010
2,73254,"Nanscawen Big",1099,285,1099,285,2023,8,NA,NA,NA,NA,NA,NA,NA,0,NA,-1099
2,73255,"Paper Machete",1001,538,1001,538,2023,8,NA,NA,NA,NA,NA,NA,NA,0,NA,-1001
2,73258,"Stato",1030,473,1030,473,2023,8,NA,NA,NA,NA,NA,NA,NA,0,NA,-1030
2,73260,"Xander's Crew",1114,239,1114,239,2023,8,NA,NA,NA,NA,NA,NA,NA,0,NA,-1114
2,73261,"Magic 30",1052,421,1052,421,2023,8,NA,NA,NA,NA,NA,NA,NA,0,NA,-1052
2,73262,"Vague probability",1132,188,1132,188,2023,8,NA,NA,NA,NA,NA,NA,NA,0,NA,-1132
2,73263,"Moon Goat",1065,389,1065,389,2023,8,NA,NA,NA,NA,NA,NA,NA,0,NA,-1065
2,73264,"Completed it mate",1123,213,1123,213,2023,8,NA,NA,NA,NA,NA,NA,NA,0,NA,-1123
2,73266,"Shwinnie's Spuds",1097,293,1097,293,2023,8,NA,NA,NA,NA,NA,NA,NA,0,NA,-1097
2,73267,"Captain Phillips",1126,205,1126,205,2023,8,NA,NA,NA,NA,NA,NA,NA,0,NA,-1126
2,73268,"Aine Bike Champ",1263,13,1263,13,2023,8,NA,NA,NA,NA,NA,NA,NA,0,NA,-1263
2,73269,"The destroyers ",1047,436,1047,436,2023,8,NA,NA,NA,NA,NA,NA,NA,0,NA,-1047
2,73270,"Rompers roos",985,572,985,572,2023,8,NA,NA,NA,NA,NA,NA,NA,0,NA,-985
2,73271,"PieSpywithmylittleSchlei",1069,372,1069,372,2023,8,NA,NA,NA,NA,NA,NA,NA,0,NA,-1069
2,73272,"Wardlaw & Order",1215,45,1215,45,2023,8,NA,NA,NA,NA,NA,NA,NA,0,NA,-1215
2,73273,"peakoballs26",1126,205,1126,205,2023,8,NA,NA,NA,NA,NA,NA,NA,0,NA,-1126
2,73274,"ChecksWithDecks",977,584,977,584,2023,8,NA,NA,NA,NA,NA,NA,NA,0,NA,-977
2,73275,"Punters & Dribblers",997,547,997,547,2023,8,NA,NA,NA,NA,NA,NA,NA,0,NA,-997
2,73277,"Excellent Choices",902,646,902,646,2023,8,NA,NA,NA,NA,NA,NA,NA,0,NA,-902
2,73278,"Mack Dadees",1053,416,1053,416,2023,8,NA,NA,NA,NA,NA,NA,NA,0,NA,-1053
2,73279,"Whoa Woewodin",1089,314,1089,314,2023,8,NA,NA,NA,NA,NA,NA,NA,0,NA,-1089
2,73280,"Beez Stingellas",1156,134,1156,134,2023,8,NA,NA,NA,NA,NA,NA,NA,0,NA,-1156
2,73281,"A dubs",911,640,911,640,2023,8,NA,NA,NA,NA,NA,NA,NA,0,NA,-911
2,73283,"Beef Marinoff",1013,514,1013,514,2023,8,NA,NA,NA,NA,NA,NA,NA,0,NA,-1013
2,73284,"Marshy’s magicians",1021,488,1021,488,2023,8,NA,NA,NA,NA,NA,NA,NA,0,NA,-1021
2,73285,"RataTuohy",1100,283,1100,283,2023,8,NA,NA,NA,NA,NA,NA,NA,0,NA,-1100
2,73286,"Good As Gould",1030,473,1030,473,2023,8,NA,NA,NA,NA,NA,NA,NA,0,NA,-1030
2,73287,"Slapnut Magoos",1099,285,1099,285,2023,8,NA,NA,NA,NA,NA,NA,NA,0,NA,-1099
2,73289,"CHIEM!",1075,358,1075,358,2023,8,NA,NA,NA,NA,NA,NA,NA,0,NA,-1075
2,73290,"Vampire Squids",933,627,933,627,2023,8,NA,NA,NA,NA,NA,NA,NA,0,NA,-933
2,73291,"Sazzaboii",1064,394,1064,394,2023,8,NA,NA,NA,NA,NA,NA,NA,0,NA,-1064
2,73292,"Nikola4PeatJokic",1178,101,1178,101,2023,8,NA,NA,NA,NA,NA,NA,NA,0,NA,-1178
2,73293,"ProfessorPeteSpace",1001,538,1001,538,2023,8,NA,NA,NA,NA,NA,NA,NA,0,NA,-1001
2,73296,"Monique’s Magic",1062,397,1062,397,2023,8,NA,NA,NA,NA,NA,NA,NA,0,NA,-1062
